,CRSArrTime,DayOfWeek,DayofMonth,Dest,DestUTC,Distance,FlightDate,FltTime,Marketing_Airline_Network,Month,OrgUTC,Origin,Quarter,Tail_Number,TaxiIn,TaxiOut,WheelsOff,WheelsOn,Year,fltID
28,1621.0,6.0,29.0,HNL,2020-03-01 00:35:00+00:00,4502.0,2020-02-29,0 days 09:37:00,DL,2.0,2020-02-29 14:58:00+00:00,ATL,1.0,N821NW,6.0,19.0,1117.0,1529.0,2020.0,90440.0
5,605.0,4.0,6.0,ATL,2020-02-07 10:00:00+00:00,4502.0,2020-02-06,0 days 08:30:00,DL,2.0,2020-02-07 01:30:00+00:00,HNL,1.0,N803NW,6.0,19.0,1649.0,554.0,2020.0,76381.0
188,1625.0,6.0,29.0,CVG,2020-02-29 20:30:00+00:00,373.0,2020-02-29,0 days 01:26:00,DL,2.0,2020-02-29 19:04:00+00:00,ATL,1.0,N839DN,4.0,15.0,1519.0,1626.0,2020.0,91936.0
189,2057.0,6.0,29.0,CVG,2020-03-01 00:48:00+00:00,373.0,2020-02-29,0 days 01:15:00,DL,2.0,2020-02-29 23:33:00+00:00,ATL,1.0,N308DE,4.0,9.0,1942.0,2044.0,2020.0,90278.0
190,2347.0,6.0,29.0,CVG,2020-03-01 03:48:00+00:00,373.0,2020-02-29,0 days 01:25:00,DL,2.0,2020-03-01 02:23:00+00:00,ATL,1.0,N3756,4.0,21.0,2244.0,2344.0,2020.0,92080.0
0,735.0,6.0,1.0,ATL,2020-02-01 11:22:00+00:00,373.0,2020-02-01,0 days 01:24:00,DL,2.0,2020-02-01 09:58:00+00:00,CVG,1.0,N306DQ,6.0,12.0,610.0,716.0,2020.0,49758.0
5,900.0,7.0,2.0,ATL,2020-02-02 12:52:00+00:00,373.0,2020-02-02,0 days 01:37:00,DL,2.0,2020-02-02 11:15:00+00:00,CVG,1.0,N373DA,7.0,22.0,737.0,845.0,2020.0,50175.0
15,2011.0,1.0,3.0,ATL,2020-02-04 00:25:00+00:00,373.0,2020-02-03,0 days 01:23:00,DL,2.0,2020-02-03 23:02:00+00:00,CVG,1.0,N3738B,5.0,8.0,1910.0,2020.0,2020.0,53623.0
207,1245.0,6.0,29.0,SLC,2020-02-29 18:37:00+00:00,1590.0,2020-02-29,0 days 04:08:00,DL,2.0,2020-02-29 14:29:00+00:00,ATL,1.0,N371DN,7.0,25.0,1054.0,1230.0,2020.0,91633.0
208,1429.0,6.0,29.0,SLC,2020-02-29 20:32:00+00:00,1590.0,2020-02-29,0 days 04:14:00,DL,2.0,2020-02-29 16:18:00+00:00,ATL,1.0,N174DZ,7.0,24.0,1242.0,1425.0,2020.0,91023.0
209,1607.0,6.0,29.0,SLC,2020-02-29 21:45:00+00:00,1590.0,2020-02-29,0 days 03:58:00,DL,2.0,2020-02-29 17:47:00+00:00,ATL,1.0,N586NW,6.0,18.0,1405.0,1539.0,2020.0,91248.0
210,1846.0,6.0,29.0,SLC,2020-03-01 00:34:00+00:00,1590.0,2020-02-29,0 days 04:05:00,DL,2.0,2020-02-29 20:29:00+00:00,ATL,1.0,N312DN,9.0,19.0,1648.0,1825.0,2020.0,91365.0
211,1944.0,6.0,29.0,SLC,2020-03-01 01:33:00+00:00,1590.0,2020-02-29,0 days 04:00:00,DL,2.0,2020-02-29 21:33:00+00:00,ATL,1.0,N353DN,7.0,10.0,1743.0,1926.0,2020.0,91493.0
212,2208.0,6.0,29.0,SLC,2020-03-01 03:47:00+00:00,1590.0,2020-02-29,0 days 03:59:00,DL,2.0,2020-02-29 23:48:00+00:00,ATL,1.0,N358DN,7.0,17.0,2005.0,2140.0,2020.0,91276.0
0,1229.0,6.0,1.0,ATL,2020-02-01 16:36:00+00:00,1590.0,2020-02-01,0 days 03:49:00,DL,2.0,2020-02-01 12:47:00+00:00,SLC,1.0,N582NW,4.0,34.0,721.0,1232.0,2020.0,49302.0
1,1405.0,6.0,1.0,ATL,2020-02-01 18:08:00+00:00,1590.0,2020-02-01,0 days 03:52:00,DL,2.0,2020-02-01 14:16:00+00:00,SLC,1.0,N914DU,5.0,29.0,845.0,1403.0,2020.0,48800.0
2,1527.0,6.0,1.0,ATL,2020-02-01 19:37:00+00:00,1590.0,2020-02-01,0 days 03:56:00,DL,2.0,2020-02-01 15:41:00+00:00,SLC,1.0,N553NW,10.0,34.0,1015.0,1527.0,2020.0,49414.0
18,1511.0,1.0,3.0,ATL,2020-02-03 21:35:00+00:00,1590.0,2020-02-03,0 days 05:01:00,DL,2.0,2020-02-03 16:34:00+00:00,SLC,1.0,N354DN,5.0,111.0,1225.0,1730.0,2020.0,54074.0
48,1511.0,5.0,7.0,ATL,2020-02-07 18:48:00+00:00,1590.0,2020-02-07,0 days 03:16:00,DL,2.0,2020-02-07 15:32:00+00:00,SLC,1.0,N332DN,5.0,14.0,946.0,1443.0,2020.0,93941.0
289,1320.0,6.0,29.0,LAX,2020-02-29 20:05:00+00:00,1947.0,2020-02-29,0 days 04:56:00,DL,2.0,2020-02-29 15:09:00+00:00,ATL,1.0,N380DN,9.0,23.0,1132.0,1256.0,2020.0,90805.0
290,1506.0,6.0,29.0,LAX,2020-02-29 21:53:00+00:00,1947.0,2020-02-29,0 days 04:45:00,DL,2.0,2020-02-29 17:08:00+00:00,ATL,1.0,N547US,9.0,12.0,1320.0,1444.0,2020.0,91379.0
291,1718.0,6.0,29.0,LAX,2020-02-29 23:59:00+00:00,1947.0,2020-02-29,0 days 04:47:00,DL,2.0,2020-02-29 19:12:00+00:00,ATL,1.0,N894DN,9.0,18.0,1530.0,1650.0,2020.0,90756.0
292,1952.0,6.0,29.0,LAX,2020-03-01 02:45:00+00:00,1947.0,2020-02-29,0 days 04:47:00,DL,2.0,2020-02-29 21:58:00+00:00,ATL,1.0,N706DN,8.0,20.0,1818.0,1937.0,2020.0,90162.0
293,2350.0,6.0,29.0,LAX,2020-03-01 06:47:00+00:00,1947.0,2020-02-29,0 days 04:47:00,DL,2.0,2020-03-01 02:00:00+00:00,ATL,1.0,N848DN,8.0,18.0,2218.0,2339.0,2020.0,92043.0
0,1324.0,6.0,1.0,ATL,2020-02-01 18:05:00+00:00,1947.0,2020-02-01,0 days 04:55:00,DL,2.0,2020-02-01 13:10:00+00:00,LAX,1.0,N539US,7.0,39.0,649.0,1358.0,2020.0,48365.0
1,1443.0,6.0,1.0,ATL,2020-02-01 19:02:00+00:00,1947.0,2020-02-01,0 days 04:18:00,DL,2.0,2020-02-01 14:44:00+00:00,LAX,1.0,N703DN,5.0,16.0,800.0,1457.0,2020.0,47994.0
2,1557.0,6.0,1.0,ATL,2020-02-01 20:12:00+00:00,1947.0,2020-02-01,0 days 04:29:00,DL,2.0,2020-02-01 15:43:00+00:00,LAX,1.0,N377DN,4.0,15.0,858.0,1608.0,2020.0,49130.0
3,1735.0,6.0,1.0,ATL,2020-02-01 22:13:00+00:00,1947.0,2020-02-01,0 days 04:37:00,DL,2.0,2020-02-01 17:36:00+00:00,LAX,1.0,N889DN,4.0,22.0,1058.0,1809.0,2020.0,48805.0
55,1740.0,4.0,6.0,ATL,2020-02-06 23:31:00+00:00,1947.0,2020-02-06,0 days 04:17:00,DL,2.0,2020-02-06 19:14:00+00:00,LAX,1.0,N367DN,9.0,12.0,1226.0,1922.0,2020.0,77133.0
470,1844.0,6.0,29.0,MCO,2020-02-29 22:52:00+00:00,404.0,2020-02-29,0 days 01:24:00,DL,2.0,2020-02-29 21:28:00+00:00,ATL,1.0,N819DX,8.0,11.0,1739.0,1844.0,2020.0,90365.0
471,1955.0,6.0,29.0,MCO,2020-02-29 23:43:00+00:00,404.0,2020-02-29,0 days 01:25:00,DL,2.0,2020-02-29 22:18:00+00:00,ATL,1.0,N665DN,11.0,17.0,1835.0,1932.0,2020.0,90487.0
472,2106.0,6.0,29.0,MCO,2020-03-01 01:03:00+00:00,404.0,2020-02-29,0 days 01:30:00,DL,2.0,2020-02-29 23:33:00+00:00,ATL,1.0,N552NW,15.0,15.0,1948.0,2048.0,2020.0,91515.0
473,2208.0,6.0,29.0,MCO,2020-03-01 01:56:00+00:00,404.0,2020-02-29,0 days 01:24:00,DL,2.0,2020-03-01 00:32:00+00:00,ATL,1.0,N6715C,13.0,14.0,2046.0,2143.0,2020.0,90698.0
474,2307.0,6.0,29.0,MCO,2020-03-01 03:36:00+00:00,404.0,2020-02-29,0 days 01:20:00,DL,2.0,2020-03-01 02:16:00+00:00,ATL,1.0,N596NW,8.0,14.0,2230.0,2328.0,2020.0,90943.0
475,8.0,6.0,29.0,MCO,2020-03-01 05:22:00+00:00,404.0,2020-02-29,0 days 02:46:00,DL,2.0,2020-03-01 02:36:00+00:00,ATL,1.0,N538US,8.0,39.0,2315.0,14.0,2020.0,91081.0
0,734.0,6.0,1.0,ATL,2020-02-01 11:26:00+00:00,404.0,2020-02-01,0 days 01:30:00,DL,2.0,2020-02-01 09:56:00+00:00,MCO,1.0,N6703D,8.0,20.0,616.0,718.0,2020.0,49594.0
1,857.0,6.0,1.0,ATL,2020-02-01 13:05:00+00:00,404.0,2020-02-01,0 days 01:54:00,DL,2.0,2020-02-01 11:11:00+00:00,MCO,1.0,N556NW,8.0,42.0,753.0,857.0,2020.0,49905.0
2,929.0,6.0,1.0,ATL,2020-02-01 13:18:00+00:00,404.0,2020-02-01,0 days 01:38:00,DL,2.0,2020-02-01 11:40:00+00:00,MCO,1.0,N676DL,14.0,21.0,801.0,904.0,2020.0,49745.0
3,1003.0,6.0,1.0,ATL,2020-02-01 14:01:00+00:00,404.0,2020-02-01,0 days 01:47:00,DL,2.0,2020-02-01 12:14:00+00:00,MCO,1.0,N6701,13.0,24.0,838.0,948.0,2020.0,48450.0
4,1102.0,6.0,1.0,ATL,2020-02-01 14:49:00+00:00,404.0,2020-02-01,0 days 01:25:00,DL,2.0,2020-02-01 13:24:00+00:00,MCO,1.0,N537US,11.0,12.0,936.0,1038.0,2020.0,48059.0
45,2121.0,1.0,3.0,ATL,2020-02-04 01:05:00+00:00,404.0,2020-02-03,0 days 01:20:00,DL,2.0,2020-02-03 23:45:00+00:00,MCO,1.0,N557NW,6.0,13.0,1958.0,2059.0,2020.0,52340.0
288,1441.0,6.0,29.0,BOS,2020-02-29 18:39:00+00:00,946.0,2020-02-29,0 days 02:26:00,DL,2.0,2020-02-29 16:13:00+00:00,ATL,1.0,N352DN,6.0,18.0,1231.0,1433.0,2020.0,92005.0
289,1901.0,6.0,29.0,BOS,2020-02-29 22:56:00+00:00,946.0,2020-02-29,0 days 02:28:00,DL,2.0,2020-02-29 20:28:00+00:00,ATL,1.0,N333DX,5.0,15.0,1643.0,1851.0,2020.0,91262.0
290,2020.0,6.0,29.0,BOS,2020-03-01 00:09:00+00:00,946.0,2020-02-29,0 days 02:21:00,DL,2.0,2020-02-29 21:48:00+00:00,ATL,1.0,N305DN,6.0,12.0,1800.0,2003.0,2020.0,91823.0
291,2225.0,6.0,29.0,BOS,2020-03-01 02:37:00+00:00,946.0,2020-02-29,0 days 02:44:00,DL,2.0,2020-02-29 23:53:00+00:00,ATL,1.0,N6711M,23.0,20.0,2013.0,2214.0,2020.0,91512.0
292,13.0,6.0,29.0,BOS,2020-03-01 05:08:00+00:00,946.0,2020-02-29,0 days 03:24:00,DL,2.0,2020-03-01 01:44:00+00:00,ATL,1.0,N684DA,9.0,12.0,2156.0,2359.0,2020.0,91667.0
0,851.0,6.0,1.0,ATL,2020-02-01 12:40:00+00:00,946.0,2020-02-01,0 days 02:57:00,DL,2.0,2020-02-01 09:43:00+00:00,BOS,1.0,N394DL,10.0,18.0,601.0,830.0,2020.0,49585.0
1,1057.0,6.0,1.0,ATL,2020-02-01 14:55:00+00:00,946.0,2020-02-01,0 days 02:53:00,DL,2.0,2020-02-01 12:02:00+00:00,BOS,1.0,N693DL,7.0,22.0,824.0,1048.0,2020.0,49647.0
2,1300.0,6.0,1.0,ATL,2020-02-01 16:47:00+00:00,946.0,2020-02-01,0 days 02:50:00,DL,2.0,2020-02-01 13:57:00+00:00,BOS,1.0,N680DA,5.0,19.0,1016.0,1242.0,2020.0,48214.0
14,2143.0,7.0,2.0,ATL,2020-02-03 01:27:00+00:00,946.0,2020-02-02,0 days 02:43:00,DL,2.0,2020-02-02 22:44:00+00:00,BOS,1.0,N305DN,8.0,23.0,1907.0,2119.0,2020.0,51739.0
26,2319.0,1.0,3.0,ATL,2020-02-04 03:00:00+00:00,946.0,2020-02-03,0 days 02:38:00,DL,2.0,2020-02-04 00:22:00+00:00,BOS,1.0,N374DX,5.0,16.0,2038.0,2255.0,2020.0,54348.0
260,1259.0,6.0,29.0,EWR,2020-02-29 17:04:00+00:00,746.0,2020-02-29,0 days 02:16:00,DL,2.0,2020-02-29 14:48:00+00:00,ATL,1.0,N945AT,4.0,26.0,1114.0,1300.0,2020.0,91805.0
261,1530.0,6.0,29.0,EWR,2020-02-29 19:31:00+00:00,746.0,2020-02-29,0 days 02:12:00,DL,2.0,2020-02-29 17:19:00+00:00,ATL,1.0,N856DN,7.0,16.0,1335.0,1524.0,2020.0,91377.0
262,1714.0,6.0,29.0,EWR,2020-02-29 20:59:00+00:00,746.0,2020-02-29,0 days 02:01:00,DL,2.0,2020-02-29 18:58:00+00:00,ATL,1.0,N309DE,6.0,12.0,1510.0,1653.0,2020.0,91044.0
263,2100.0,6.0,29.0,EWR,2020-03-01 00:53:00+00:00,746.0,2020-02-29,0 days 02:10:00,DL,2.0,2020-02-29 22:43:00+00:00,ATL,1.0,N978AT,9.0,13.0,1856.0,2044.0,2020.0,91247.0
264,2357.0,6.0,29.0,EWR,2020-03-01 03:50:00+00:00,746.0,2020-02-29,0 days 02:06:00,DL,2.0,2020-03-01 01:44:00+00:00,ATL,1.0,N897DN,6.0,14.0,2158.0,2344.0,2020.0,91759.0
0,900.0,6.0,1.0,ATL,2020-02-01 12:50:00+00:00,746.0,2020-02-01,0 days 02:24:00,DL,2.0,2020-02-01 10:26:00+00:00,EWR,1.0,N860DN,10.0,15.0,641.0,840.0,2020.0,49468.0
1,1100.0,6.0,1.0,ATL,2020-02-01 14:50:00+00:00,746.0,2020-02-01,0 days 02:27:00,DL,2.0,2020-02-01 12:23:00+00:00,EWR,1.0,N856DN,10.0,18.0,841.0,1040.0,2020.0,49591.0
2,1258.0,6.0,1.0,ATL,2020-02-01 16:50:00+00:00,746.0,2020-02-01,0 days 02:26:00,DL,2.0,2020-02-01 14:24:00+00:00,EWR,1.0,N822DN,14.0,13.0,1037.0,1236.0,2020.0,49368.0
9,1414.0,7.0,2.0,ATL,2020-02-02 17:47:00+00:00,746.0,2020-02-02,0 days 02:04:00,DL,2.0,2020-02-02 15:43:00+00:00,EWR,1.0,N981AT,5.0,15.0,1158.0,1342.0,2020.0,51772.0
53,2029.0,4.0,6.0,ATL,2020-02-07 02:47:00+00:00,746.0,2020-02-06,0 days 03:02:00,DL,2.0,2020-02-06 23:45:00+00:00,EWR,1.0,N308DE,22.0,14.0,1959.0,2225.0,2020.0,78608.0
200,1900.0,6.0,29.0,JFK,2020-02-29 22:57:00+00:00,760.0,2020-02-29,0 days 02:11:00,DL,2.0,2020-02-29 20:46:00+00:00,ATL,1.0,N709DN,21.0,14.0,1700.0,1836.0,2020.0,90161.0
201,2145.0,6.0,29.0,JFK,2020-03-01 02:00:00+00:00,760.0,2020-02-29,0 days 02:01:00,DL,2.0,2020-02-29 23:59:00+00:00,ATL,1.0,N6703D,3.0,17.0,2016.0,2157.0,2020.0,90920.0
202,2358.0,6.0,29.0,JFK,2020-03-01 05:17:00+00:00,760.0,2020-02-29,0 days 03:26:00,DL,2.0,2020-03-01 01:51:00+00:00,ATL,1.0,N319US,24.0,19.0,2210.0,2353.0,2020.0,91337.0
0,832.0,6.0,1.0,ATL,2020-02-01 12:28:00+00:00,760.0,2020-02-01,0 days 02:25:00,DL,2.0,2020-02-01 10:03:00+00:00,JFK,1.0,N808DN,6.0,14.0,617.0,822.0,2020.0,49428.0
1,1109.0,6.0,1.0,ATL,2020-02-01 16:04:00+00:00,760.0,2020-02-01,0 days 02:13:00,DL,2.0,2020-02-01 13:51:00+00:00,JFK,1.0,N704DK,4.0,16.0,1007.0,1200.0,2020.0,47991.0
6,2241.0,6.0,1.0,ATL,2020-02-02 02:01:00+00:00,760.0,2020-02-01,0 days 02:08:00,DL,2.0,2020-02-01 23:53:00+00:00,JFK,1.0,N6710E,7.0,17.0,2010.0,2154.0,2020.0,49360.0
397,1340.0,6.0,29.0,LGA,2020-02-29 17:34:00+00:00,762.0,2020-02-29,0 days 02:07:00,DL,2.0,2020-02-29 15:27:00+00:00,ATL,1.0,N364DX,7.0,16.0,1143.0,1327.0,2020.0,91760.0
398,1440.0,6.0,29.0,LGA,2020-02-29 18:39:00+00:00,762.0,2020-02-29,0 days 02:11:00,DL,2.0,2020-02-29 16:28:00+00:00,ATL,1.0,N385DZ,6.0,19.0,1247.0,1433.0,2020.0,91838.0
399,1653.0,6.0,29.0,LGA,2020-02-29 20:40:00+00:00,762.0,2020-02-29,0 days 02:02:00,DL,2.0,2020-02-29 18:38:00+00:00,ATL,1.0,N392DN,6.0,12.0,1450.0,1634.0,2020.0,91905.0
400,1844.0,6.0,29.0,LGA,2020-02-29 22:41:00+00:00,762.0,2020-02-29,0 days 02:00:00,DL,2.0,2020-02-29 20:41:00+00:00,ATL,1.0,N347DN,8.0,12.0,1653.0,1833.0,2020.0,92001.0
401,2044.0,6.0,29.0,LGA,2020-03-01 00:26:00+00:00,762.0,2020-02-29,0 days 01:56:00,DL,2.0,2020-02-29 22:30:00+00:00,ATL,1.0,N378DN,6.0,12.0,1842.0,2020.0,2020.0,91918.0
402,2338.0,6.0,29.0,LGA,2020-03-01 03:22:00+00:00,762.0,2020-02-29,0 days 01:55:00,DL,2.0,2020-03-01 01:27:00+00:00,ATL,1.0,N371DN,5.0,10.0,2137.0,2317.0,2020.0,92026.0
0,831.0,6.0,1.0,ATL,2020-02-01 12:13:00+00:00,762.0,2020-02-01,0 days 02:23:00,DL,2.0,2020-02-01 09:50:00+00:00,LGA,1.0,N357DN,6.0,14.0,604.0,807.0,2020.0,48745.0
1,933.0,6.0,1.0,ATL,2020-02-01 13:21:00+00:00,762.0,2020-02-01,0 days 02:25:00,DL,2.0,2020-02-01 10:56:00+00:00,LGA,1.0,N361DN,5.0,13.0,709.0,916.0,2020.0,49093.0
2,1139.0,6.0,1.0,ATL,2020-02-01 15:30:00+00:00,762.0,2020-02-01,0 days 02:35:00,DL,2.0,2020-02-01 12:55:00+00:00,LGA,1.0,N397DN,14.0,16.0,911.0,1116.0,2020.0,49812.0
3,1239.0,6.0,1.0,ATL,2020-02-01 16:36:00+00:00,762.0,2020-02-01,0 days 02:37:00,DL,2.0,2020-02-01 13:59:00+00:00,LGA,1.0,N386DN,6.0,29.0,1028.0,1230.0,2020.0,48813.0
75,1738.0,4.0,6.0,ATL,2020-02-06 21:40:00+00:00,762.0,2020-02-06,0 days 02:43:00,DL,2.0,2020-02-06 18:57:00+00:00,LGA,1.0,N314DN,5.0,27.0,1524.0,1735.0,2020.0,77653.0
81,2242.0,4.0,6.0,ATL,2020-02-07 03:32:00+00:00,762.0,2020-02-06,0 days 03:13:00,DL,2.0,2020-02-07 00:19:00+00:00,LGA,1.0,N305DN,8.0,26.0,2045.0,2324.0,2020.0,78509.0
295,1539.0,6.0,29.0,MSP,2020-02-29 20:43:00+00:00,907.0,2020-02-29,0 days 02:37:00,DL,2.0,2020-02-29 18:06:00+00:00,ATL,1.0,N329DN,5.0,12.0,1418.0,1538.0,2020.0,91522.0
296,1823.0,6.0,29.0,MSP,2020-02-29 23:14:00+00:00,907.0,2020-02-29,0 days 02:32:00,DL,2.0,2020-02-29 20:42:00+00:00,ATL,1.0,N670DN,3.0,15.0,1657.0,1811.0,2020.0,91108.0
297,1943.0,6.0,29.0,MSP,2020-03-01 00:31:00+00:00,907.0,2020-02-29,0 days 02:38:00,DL,2.0,2020-02-29 21:53:00+00:00,ATL,1.0,N398DA,4.0,16.0,1809.0,1927.0,2020.0,91369.0
298,2125.0,6.0,29.0,MSP,2020-03-01 02:28:00+00:00,907.0,2020-02-29,0 days 02:42:00,DL,2.0,2020-02-29 23:46:00+00:00,ATL,1.0,N3759,5.0,24.0,2010.0,2123.0,2020.0,91594.0
299,2358.0,6.0,29.0,MSP,2020-03-01 04:48:00+00:00,907.0,2020-02-29,0 days 02:30:00,DL,2.0,2020-03-01 02:18:00+00:00,ATL,1.0,N318DX,2.0,18.0,2236.0,2346.0,2020.0,90658.0
0,851.0,6.0,1.0,ATL,2020-02-01 12:54:00+00:00,907.0,2020-02-01,0 days 02:37:00,DL,2.0,2020-02-01 10:17:00+00:00,MSP,1.0,N6712B,11.0,22.0,539.0,843.0,2020.0,49163.0
1,1101.0,6.0,1.0,ATL,2020-02-01 14:38:00+00:00,907.0,2020-02-01,0 days 02:13:00,DL,2.0,2020-02-01 12:25:00+00:00,MSP,1.0,N365DN,4.0,17.0,742.0,1034.0,2020.0,48832.0
2,1219.0,6.0,1.0,ATL,2020-02-01 15:58:00+00:00,907.0,2020-02-01,0 days 02:15:00,DL,2.0,2020-02-01 13:43:00+00:00,MSP,1.0,N378DA,3.0,21.0,904.0,1155.0,2020.0,49024.0
5,1627.0,6.0,1.0,ATL,2020-02-01 19:56:00+00:00,907.0,2020-02-01,0 days 02:01:00,DL,2.0,2020-02-01 17:55:00+00:00,MSP,1.0,N3752,4.0,7.0,1302.0,1552.0,2020.0,48517.0
45,1630.0,3.0,5.0,ATL,2020-02-05 20:36:00+00:00,907.0,2020-02-05,0 days 02:36:00,DL,2.0,2020-02-05 18:00:00+00:00,MSP,1.0,N823DN,8.0,14.0,1314.0,1628.0,2020.0,73934.0
155,1107.0,6.0,29.0,SEA,2020-02-29 18:07:00+00:00,2182.0,2020-02-29,0 days 05:37:00,DL,2.0,2020-02-29 12:30:00+00:00,ATL,1.0,N822DX,7.0,22.0,852.0,1100.0,2020.0,90309.0
156,1440.0,6.0,29.0,SEA,2020-02-29 21:32:00+00:00,2182.0,2020-02-29,0 days 05:27:00,DL,2.0,2020-02-29 16:05:00+00:00,ATL,1.0,N820DX,6.0,14.0,1219.0,1426.0,2020.0,90962.0
157,1915.0,6.0,29.0,SEA,2020-03-01 02:02:00+00:00,2182.0,2020-02-29,0 days 05:21:00,DL,2.0,2020-02-29 20:41:00+00:00,ATL,1.0,N921DU,8.0,12.0,1653.0,1854.0,2020.0,90662.0
158,2147.0,6.0,29.0,SEA,2020-03-01 04:16:00+00:00,2182.0,2020-02-29,0 days 05:08:00,DL,2.0,2020-02-29 23:08:00+00:00,ATL,1.0,N1609,9.0,12.0,1920.0,2107.0,2020.0,90523.0
0,1357.0,6.0,1.0,ATL,2020-02-01 17:38:00+00:00,2182.0,2020-02-01,0 days 04:23:00,DL,2.0,2020-02-01 13:15:00+00:00,SEA,1.0,N822DX,7.0,18.0,633.0,1331.0,2020.0,48379.0
1,1555.0,6.0,1.0,ATL,2020-02-01 19:44:00+00:00,2182.0,2020-02-01,0 days 04:24:00,DL,2.0,2020-02-01 15:20:00+00:00,SEA,1.0,N823DX,4.0,19.0,839.0,1540.0,2020.0,48941.0
2,1728.0,6.0,1.0,ATL,2020-02-01 21:31:00+00:00,2182.0,2020-02-01,0 days 04:43:00,DL,2.0,2020-02-01 16:48:00+00:00,SEA,1.0,N1609,17.0,25.0,1013.0,1714.0,2020.0,49066.0
24,1913.0,3.0,5.0,ATL,2020-02-05 23:21:00+00:00,2182.0,2020-02-05,0 days 04:46:00,DL,2.0,2020-02-05 18:35:00+00:00,SEA,1.0,N684DA,8.0,20.0,1155.0,1913.0,2020.0,75837.0
295,1612.0,6.0,29.0,DTW,2020-02-29 20:12:00+00:00,594.0,2020-02-29,0 days 01:55:00,DL,2.0,2020-02-29 18:17:00+00:00,ATL,1.0,N315DN,6.0,14.0,1431.0,1606.0,2020.0,91634.0
296,1837.0,6.0,29.0,DTW,2020-02-29 22:37:00+00:00,594.0,2020-02-29,0 days 02:01:00,DL,2.0,2020-02-29 20:36:00+00:00,ATL,1.0,N346DN,8.0,13.0,1649.0,1829.0,2020.0,92171.0
297,1940.0,6.0,29.0,DTW,2020-02-29 23:54:00+00:00,594.0,2020-02-29,0 days 02:02:00,DL,2.0,2020-02-29 21:52:00+00:00,ATL,1.0,N334NW,6.0,18.0,1810.0,1948.0,2020.0,90455.0
298,17.0,6.0,29.0,DTW,2020-03-01 05:21:00+00:00,594.0,2020-02-29,0 days 02:57:00,DL,2.0,2020-03-01 02:24:00+00:00,ATL,1.0,N896DN,7.0,18.0,2242.0,14.0,2020.0,91242.0
0,840.0,6.0,1.0,ATL,2020-02-01 12:40:00+00:00,594.0,2020-02-01,0 days 02:15:00,DL,2.0,2020-02-01 10:25:00+00:00,DTW,1.0,N313DN,8.0,26.0,651.0,832.0,2020.0,48169.0
1,1111.0,6.0,1.0,ATL,2020-02-01 15:06:00+00:00,594.0,2020-02-01,0 days 02:12:00,DL,2.0,2020-02-01 12:54:00+00:00,DTW,1.0,N6706Q,6.0,33.0,927.0,1100.0,2020.0,49191.0
9,1204.0,7.0,2.0,ATL,2020-02-02 15:36:00+00:00,594.0,2020-02-02,0 days 01:42:00,DL,2.0,2020-02-02 13:54:00+00:00,DTW,1.0,N911DQ,4.0,14.0,1008.0,1132.0,2020.0,50961.0
11,1422.0,7.0,2.0,ATL,2020-02-02 17:58:00+00:00,594.0,2020-02-02,0 days 01:44:00,DL,2.0,2020-02-02 16:14:00+00:00,DTW,1.0,N377NW,4.0,11.0,1225.0,1354.0,2020.0,51884.0
302,1714.0,6.0,29.0,MIA,2020-02-29 21:10:00+00:00,594.0,2020-02-29,0 days 01:49:00,DL,2.0,2020-02-29 19:21:00+00:00,ATL,1.0,N359NW,8.0,18.0,1539.0,1702.0,2020.0,91566.0
303,1823.0,6.0,29.0,MIA,2020-02-29 22:18:00+00:00,594.0,2020-02-29,0 days 01:46:00,DL,2.0,2020-02-29 20:32:00+00:00,ATL,1.0,N368NW,7.0,19.0,1651.0,1811.0,2020.0,91451.0
304,1953.0,6.0,29.0,MIA,2020-02-29 23:43:00+00:00,594.0,2020-02-29,0 days 01:44:00,DL,2.0,2020-02-29 21:59:00+00:00,ATL,1.0,N361DN,7.0,10.0,1809.0,1936.0,2020.0,91387.0
305,2133.0,6.0,29.0,MIA,2020-03-01 01:25:00+00:00,594.0,2020-02-29,0 days 01:43:00,DL,2.0,2020-02-29 23:42:00+00:00,ATL,1.0,N364DX,9.0,13.0,1955.0,2116.0,2020.0,91315.0
306,2353.0,6.0,29.0,MIA,2020-03-01 03:48:00+00:00,594.0,2020-02-29,0 days 01:43:00,DL,2.0,2020-03-01 02:05:00+00:00,ATL,1.0,N3753,7.0,14.0,2219.0,2341.0,2020.0,91433.0
0,736.0,6.0,1.0,ATL,2020-02-01 11:40:00+00:00,594.0,2020-02-01,0 days 01:58:00,DL,2.0,2020-02-01 09:42:00+00:00,MIA,1.0,N371DN,9.0,19.0,601.0,731.0,2020.0,48312.0
1,855.0,6.0,1.0,ATL,2020-02-01 12:39:00+00:00,594.0,2020-02-01,0 days 01:53:00,DL,2.0,2020-02-01 10:46:00+00:00,MIA,1.0,N360DN,8.0,16.0,702.0,831.0,2020.0,48293.0
2,1000.0,6.0,1.0,ATL,2020-02-01 13:57:00+00:00,594.0,2020-02-01,0 days 01:55:00,DL,2.0,2020-02-01 12:02:00+00:00,MIA,1.0,N679DA,21.0,11.0,813.0,936.0,2020.0,48905.0
6,1531.0,6.0,1.0,ATL,2020-02-01 19:30:00+00:00,594.0,2020-02-01,0 days 01:44:00,DL,2.0,2020-02-01 17:46:00+00:00,MIA,1.0,N376NW,8.0,10.0,1356.0,1522.0,2020.0,48755.0
8,1845.0,6.0,1.0,ATL,2020-02-01 22:33:00+00:00,594.0,2020-02-01,0 days 01:45:00,DL,2.0,2020-02-01 20:48:00+00:00,MIA,1.0,N354NW,8.0,11.0,1659.0,1825.0,2020.0,48554.0
379,1755.0,6.0,29.0,FLL,2020-02-29 21:50:00+00:00,581.0,2020-02-29,0 days 01:48:00,DL,2.0,2020-02-29 20:02:00+00:00,ATL,1.0,N341DN,7.0,14.0,1616.0,1743.0,2020.0,91563.0
380,1857.0,6.0,29.0,FLL,2020-02-29 22:43:00+00:00,581.0,2020-02-29,0 days 01:39:00,DL,2.0,2020-02-29 21:04:00+00:00,ATL,1.0,N387DN,6.0,9.0,1713.0,1837.0,2020.0,91688.0
381,2030.0,6.0,29.0,FLL,2020-03-01 00:47:00+00:00,581.0,2020-02-29,0 days 01:48:00,DL,2.0,2020-02-29 22:59:00+00:00,ATL,1.0,N6701,7.0,15.0,1914.0,2040.0,2020.0,91575.0
382,2217.0,6.0,29.0,FLL,2020-03-01 02:11:00+00:00,581.0,2020-02-29,0 days 01:44:00,DL,2.0,2020-03-01 00:27:00+00:00,ATL,1.0,N660DL,6.0,12.0,2039.0,2205.0,2020.0,90183.0
383,4.0,6.0,29.0,FLL,2020-03-01 05:20:00+00:00,581.0,2020-02-29,0 days 02:59:00,DL,2.0,2020-03-01 02:21:00+00:00,ATL,1.0,N682DA,9.0,27.0,2248.0,11.0,2020.0,91535.0
0,718.0,6.0,1.0,ATL,2020-02-01 11:28:00+00:00,581.0,2020-02-01,0 days 02:02:00,DL,2.0,2020-02-01 09:26:00+00:00,FLL,1.0,N670DN,6.0,31.0,557.0,722.0,2020.0,49275.0
1,821.0,6.0,1.0,ATL,2020-02-01 12:07:00+00:00,581.0,2020-02-01,0 days 01:40:00,DL,2.0,2020-02-01 10:27:00+00:00,FLL,1.0,N820DX,6.0,11.0,638.0,801.0,2020.0,48237.0
2,926.0,6.0,1.0,ATL,2020-02-01 13:12:00+00:00,581.0,2020-02-01,0 days 01:48:00,DL,2.0,2020-02-01 11:24:00+00:00,FLL,1.0,N672DL,12.0,11.0,735.0,900.0,2020.0,49110.0
3,1026.0,6.0,1.0,ATL,2020-02-01 15:00:00+00:00,581.0,2020-02-01,0 days 01:48:00,DL,2.0,2020-02-01 13:12:00+00:00,FLL,1.0,N687DL,8.0,16.0,928.0,1052.0,2020.0,48464.0
13,2150.0,6.0,1.0,ATL,2020-02-02 01:28:00+00:00,581.0,2020-02-01,0 days 01:50:00,DL,2.0,2020-02-01 23:38:00+00:00,FLL,1.0,N309DE,6.0,22.0,2000.0,2122.0,2020.0,49421.0
175,1459.0,6.0,29.0,SFO,2020-02-29 21:49:00+00:00,2139.0,2020-02-29,0 days 05:18:00,DL,2.0,2020-02-29 16:31:00+00:00,ATL,1.0,N673DL,7.0,19.0,1250.0,1442.0,2020.0,90459.0
176,1916.0,6.0,29.0,SFO,2020-03-01 02:03:00+00:00,2139.0,2020-02-29,0 days 05:11:00,DL,2.0,2020-02-29 20:52:00+00:00,ATL,1.0,N866DN,8.0,11.0,1703.0,1855.0,2020.0,91645.0
177,2228.0,6.0,29.0,SFO,2020-03-01 05:21:00+00:00,2139.0,2020-02-29,0 days 05:25:00,DL,2.0,2020-02-29 23:56:00+00:00,ATL,1.0,N813DN,8.0,30.0,2026.0,2213.0,2020.0,92053.0
0,1333.0,6.0,1.0,ATL,2020-02-01 17:42:00+00:00,2139.0,2020-02-01,0 days 04:44:00,DL,2.0,2020-02-01 12:58:00+00:00,SFO,1.0,N699DL,7.0,17.0,615.0,1335.0,2020.0,48540.0
1,1548.0,6.0,1.0,ATL,2020-02-01 19:49:00+00:00,2139.0,2020-02-01,0 days 04:41:00,DL,2.0,2020-02-01 15:08:00+00:00,SFO,1.0,N829DN,5.0,14.0,822.0,1544.0,2020.0,49063.0
2,1840.0,6.0,1.0,ATL,2020-02-01 23:01:00+00:00,2139.0,2020-02-01,0 days 05:02:00,DL,2.0,2020-02-01 17:59:00+00:00,SFO,1.0,N852DN,8.0,27.0,1126.0,1853.0,2020.0,49212.0
13,2036.0,1.0,3.0,ATL,2020-02-04 00:13:00+00:00,2139.0,2020-02-03,0 days 04:23:00,DL,2.0,2020-02-03 19:50:00+00:00,SFO,1.0,N883DN,7.0,16.0,1306.0,2006.0,2020.0,54812.0
266,1544.0,6.0,29.0,PBI,2020-02-29 19:44:00+00:00,545.0,2020-02-29,0 days 01:38:00,DL,2.0,2020-02-29 18:06:00+00:00,ATL,1.0,N376DN,4.0,11.0,1417.0,1540.0,2020.0,91959.0
267,1713.0,6.0,29.0,PBI,2020-02-29 21:12:00+00:00,545.0,2020-02-29,0 days 01:46:00,DL,2.0,2020-02-29 19:26:00+00:00,ATL,1.0,N805DN,4.0,23.0,1549.0,1708.0,2020.0,91111.0
268,1935.0,6.0,29.0,PBI,2020-02-29 23:27:00+00:00,545.0,2020-02-29,0 days 01:43:00,DL,2.0,2020-02-29 21:44:00+00:00,ATL,1.0,N871DN,5.0,15.0,1759.0,1922.0,2020.0,92067.0
269,2136.0,6.0,29.0,PBI,2020-03-01 01:40:00+00:00,545.0,2020-02-29,0 days 01:44:00,DL,2.0,2020-02-29 23:56:00+00:00,ATL,1.0,N834DN,4.0,19.0,2015.0,2136.0,2020.0,91935.0
270,2350.0,6.0,29.0,PBI,2020-03-01 03:38:00+00:00,545.0,2020-02-29,0 days 01:38:00,DL,2.0,2020-03-01 02:00:00+00:00,ATL,1.0,N891DN,5.0,14.0,2214.0,2333.0,2020.0,91131.0
0,719.0,6.0,1.0,ATL,2020-02-01 11:12:00+00:00,545.0,2020-02-01,0 days 01:47:00,DL,2.0,2020-02-01 09:25:00+00:00,PBI,1.0,N372DA,11.0,16.0,541.0,701.0,2020.0,49202.0
1,853.0,6.0,1.0,ATL,2020-02-01 12:37:00+00:00,545.0,2020-02-01,0 days 01:47:00,DL,2.0,2020-02-01 10:50:00+00:00,PBI,1.0,N907DN,10.0,16.0,706.0,827.0,2020.0,48512.0
2,1048.0,6.0,1.0,ATL,2020-02-01 14:47:00+00:00,545.0,2020-02-01,0 days 01:49:00,DL,2.0,2020-02-01 12:58:00+00:00,PBI,1.0,N868DN,12.0,17.0,915.0,1035.0,2020.0,49139.0
3,1218.0,6.0,1.0,ATL,2020-02-01 16:00:00+00:00,545.0,2020-02-01,0 days 01:35:00,DL,2.0,2020-02-01 14:25:00+00:00,PBI,1.0,N927DZ,6.0,10.0,1035.0,1154.0,2020.0,48460.0
91,2030.0,1.0,10.0,ATL,2020-02-11 01:49:00+00:00,545.0,2020-02-10,0 days 02:45:00,DL,2.0,2020-02-10 23:04:00+00:00,PBI,1.0,N3767,11.0,61.0,2005.0,2138.0,2020.0,56441.0
78,1246.0,6.0,29.0,SNA,2020-02-29 19:36:00+00:00,1919.0,2020-02-29,0 days 04:45:00,DL,2.0,2020-02-29 14:51:00+00:00,ATL,1.0,N682DA,5.0,18.0,1109.0,1231.0,2020.0,90347.0
79,2152.0,6.0,29.0,SNA,2020-03-01 04:36:00+00:00,1919.0,2020-02-29,0 days 04:39:00,DL,2.0,2020-02-29 23:57:00+00:00,ATL,1.0,N678DL,5.0,23.0,2020.0,2131.0,2020.0,91461.0
0,1402.0,6.0,1.0,ATL,2020-02-01 18:27:00+00:00,1919.0,2020-02-01,0 days 04:28:00,DL,2.0,2020-02-01 13:59:00+00:00,SNA,1.0,N6700,3.0,23.0,722.0,1424.0,2020.0,49517.0
31,2134.0,3.0,12.0,ATL,2020-02-12 20:21:00+00:00,1919.0,2020-02-12,0 days 04:07:00,DL,2.0,2020-02-12 16:14:00+00:00,SNA,1.0,N696DL,9.0,27.0,941.0,1612.0,2020.0,61898.0
28,649.0,6.0,29.0,SLC,2020-03-01 12:25:00+00:00,2994.0,2020-02-29,0 days 05:41:00,DL,2.0,2020-03-01 06:44:00+00:00,HNL,1.0,N802NW,7.0,19.0,2203.0,618.0,2020.0,90307.0
0,1507.0,6.0,1.0,HNL,2020-02-02 00:20:00+00:00,2994.0,2020-02-01,0 days 06:56:00,DL,2.0,2020-02-01 17:24:00+00:00,SLC,1.0,N805NW,6.0,17.0,1141.0,1514.0,2020.0,48123.0
93,1827.0,6.0,29.0,LAX,2020-03-01 01:07:00+00:00,2556.0,2020-02-29,0 days 05:05:00,DL,2.0,2020-02-29 20:02:00+00:00,HNL,1.0,N198DN,7.0,15.0,1117.0,1800.0,2020.0,90158.0
94,2322.0,6.0,29.0,LAX,2020-03-01 06:16:00+00:00,2556.0,2020-02-29,0 days 05:14:00,DL,2.0,2020-03-01 01:02:00+00:00,HNL,1.0,N536US,7.0,23.0,1625.0,2309.0,2020.0,90647.0
95,501.0,6.0,29.0,LAX,2020-03-01 12:22:00+00:00,2556.0,2020-02-29,0 days 05:39:00,DL,2.0,2020-03-01 06:43:00+00:00,HNL,1.0,N591NW,5.0,19.0,2202.0,517.0,2020.0,90748.0
0,1228.0,6.0,1.0,HNL,2020-02-01 20:57:00+00:00,2556.0,2020-02-01,0 days 05:40:00,DL,2.0,2020-02-01 15:17:00+00:00,LAX,1.0,N194DN,3.0,15.0,832.0,1154.0,2020.0,47990.0
1,1456.0,6.0,1.0,HNL,2020-02-01 23:25:00+00:00,2556.0,2020-02-01,0 days 05:36:00,DL,2.0,2020-02-01 17:49:00+00:00,LAX,1.0,N544US,3.0,12.0,1101.0,1422.0,2020.0,48449.0
2,2015.0,6.0,1.0,HNL,2020-02-02 04:36:00+00:00,2556.0,2020-02-01,0 days 05:32:00,DL,2.0,2020-02-01 23:04:00+00:00,LAX,1.0,N592NW,3.0,12.0,1616.0,1933.0,2020.0,48828.0
20,545.0,6.0,29.0,MSP,2020-03-01 11:18:00+00:00,3972.0,2020-02-29,0 days 07:40:00,DL,2.0,2020-03-01 03:38:00+00:00,HNL,1.0,N821NW,17.0,22.0,1900.0,601.0,2020.0,90294.0
0,1627.0,6.0,1.0,HNL,2020-02-02 01:37:00+00:00,3972.0,2020-02-01,0 days 09:09:00,DL,2.0,2020-02-01 16:28:00+00:00,MSP,1.0,N811NW,23.0,36.0,1204.0,1614.0,2020.0,48113.0
48,2159.0,6.0,29.0,SEA,2020-03-01 05:33:00+00:00,2677.0,2020-02-29,0 days 06:27:00,DL,2.0,2020-02-29 23:06:00+00:00,HNL,1.0,N542US,6.0,21.0,1427.0,2227.0,2020.0,91335.0
49,650.0,6.0,29.0,SEA,2020-03-01 14:03:00+00:00,2677.0,2020-02-29,0 days 06:06:00,DL,2.0,2020-03-01 07:57:00+00:00,HNL,1.0,N541US,5.0,16.0,2313.0,658.0,2020.0,90974.0
0,1247.0,6.0,1.0,HNL,2020-02-02 00:26:00+00:00,2677.0,2020-02-01,0 days 07:10:00,DL,2.0,2020-02-01 17:16:00+00:00,SEA,1.0,N542US,6.0,31.0,1047.0,1520.0,2020.0,49083.0
1,2149.0,6.0,1.0,HNL,2020-02-02 06:58:00+00:00,2677.0,2020-02-01,0 days 06:31:00,DL,2.0,2020-02-02 00:27:00+00:00,SEA,1.0,N820DX,13.0,22.0,1749.0,2145.0,2020.0,49783.0
1,734.0,6.0,22.0,DTW,2020-02-23 11:07:00+00:00,4475.0,2020-02-22,0 days 08:30:00,DL,2.0,2020-02-23 02:37:00+00:00,HNL,1.0,N810NW,9.0,23.0,1800.0,658.0,2020.0,63823.0
0,1804.0,6.0,15.0,HNL,2020-02-16 02:03:00+00:00,4475.0,2020-02-15,0 days 09:16:00,DL,2.0,2020-02-15 16:47:00+00:00,DTW,1.0,N826NW,4.0,14.0,1301.0,1659.0,2020.0,113565.0
28,855.0,6.0,29.0,LAX,2020-02-29 15:41:00+00:00,1900.0,2020-02-29,0 days 04:47:00,DL,2.0,2020-02-29 10:54:00+00:00,CVG,1.0,N3763D,10.0,20.0,714.0,831.0,2020.0,90203.0
21,543.0,6.0,22.0,CVG,2020-02-22 11:13:00+00:00,1900.0,2020-02-22,0 days 02:41:00,DL,2.0,2020-02-22 08:32:00+00:00,LAX,1.0,N3750D,5.0,15.0,47.0,708.0,2020.0,64364.0
74,914.0,6.0,29.0,MCO,2020-02-29 13:09:00+00:00,757.0,2020-02-29,0 days 02:09:00,DL,2.0,2020-02-29 11:00:00+00:00,CVG,1.0,N390DA,7.0,22.0,722.0,902.0,2020.0,91289.0
75,1851.0,6.0,29.0,MCO,2020-02-29 22:53:00+00:00,757.0,2020-02-29,0 days 02:02:00,DL,2.0,2020-02-29 20:51:00+00:00,CVG,1.0,N3732J,12.0,10.0,1701.0,1841.0,2020.0,90466.0
0,1009.0,6.0,1.0,CVG,2020-02-01 14:02:00+00:00,757.0,2020-02-01,0 days 02:09:00,DL,2.0,2020-02-01 11:53:00+00:00,MCO,1.0,N373DA,5.0,21.0,814.0,957.0,2020.0,49871.0
11,2051.0,3.0,5.0,CVG,2020-02-06 00:32:00+00:00,757.0,2020-02-05,0 days 02:01:00,DL,2.0,2020-02-05 22:31:00+00:00,MCO,1.0,N3763D,4.0,15.0,1846.0,2028.0,2020.0,73627.0
97,1008.0,6.0,29.0,BOS,2020-02-29 13:53:00+00:00,752.0,2020-02-29,0 days 02:09:00,DL,2.0,2020-02-29 11:44:00+00:00,CVG,1.0,N923XJ,7.0,19.0,803.0,946.0,2020.0,3193.0
98,1904.0,6.0,29.0,BOS,2020-02-29 22:55:00+00:00,752.0,2020-02-29,0 days 02:12:00,DL,2.0,2020-02-29 20:43:00+00:00,CVG,1.0,N153PQ,23.0,8.0,1651.0,1832.0,2020.0,15061.0
1,1726.0,6.0,1.0,CVG,2020-02-01 21:04:00+00:00,752.0,2020-02-01,0 days 02:15:00,DL,2.0,2020-02-01 18:49:00+00:00,BOS,1.0,N937AT,5.0,14.0,1503.0,1659.0,2020.0,48561.0
6,1649.0,1.0,3.0,CVG,2020-02-03 20:37:00+00:00,752.0,2020-02-03,0 days 02:19:00,DL,2.0,2020-02-03 18:18:00+00:00,BOS,1.0,N341PQ,6.0,17.0,1435.0,1631.0,2020.0,9052.0
85,2154.0,2.0,25.0,CVG,2020-02-26 01:42:00+00:00,752.0,2020-02-25,0 days 02:42:00,DL,2.0,2020-02-25 23:00:00+00:00,BOS,1.0,N313PQ,4.0,24.0,1924.0,2138.0,2020.0,17523.0
64,1943.0,5.0,28.0,EWR,2020-02-29 00:24:00+00:00,569.0,2020-02-28,0 days 02:10:00,DL,2.0,2020-02-28 22:14:00+00:00,CVG,1.0,N341PQ,5.0,34.0,1848.0,2019.0,2020.0,3534.0
3,2229.0,1.0,3.0,CVG,2020-02-04 02:23:00+00:00,569.0,2020-02-03,0 days 02:00:00,DL,2.0,2020-02-04 00:23:00+00:00,EWR,1.0,N304PQ,5.0,16.0,2039.0,2218.0,2020.0,3542.0
56,1615.0,6.0,29.0,JFK,2020-02-29 19:38:00+00:00,589.0,2020-02-29,0 days 01:39:00,DL,2.0,2020-02-29 17:59:00+00:00,CVG,1.0,N134EV,4.0,8.0,1407.0,1534.0,2020.0,6261.0
57,2011.0,6.0,29.0,JFK,2020-03-01 00:00:00+00:00,589.0,2020-02-29,0 days 02:06:00,DL,2.0,2020-02-29 21:54:00+00:00,CVG,1.0,N935XJ,19.0,12.0,1806.0,1941.0,2020.0,14720.0
0,1055.0,6.0,1.0,CVG,2020-02-01 14:45:00+00:00,589.0,2020-02-01,0 days 02:23:00,DL,2.0,2020-02-01 12:22:00+00:00,JFK,1.0,N331PQ,3.0,38.0,900.0,1042.0,2020.0,13724.0
25,1059.0,4.0,13.0,CVG,2020-02-13 14:33:00+00:00,589.0,2020-02-13,0 days 02:04:00,DL,2.0,2020-02-13 12:29:00+00:00,JFK,1.0,N300PQ,4.0,8.0,837.0,1029.0,2020.0,13736.0
138,2121.0,5.0,28.0,LGA,2020-02-29 01:36:00+00:00,585.0,2020-02-28,0 days 02:09:00,DL,2.0,2020-02-28 23:27:00+00:00,CVG,1.0,N399DA,6.0,31.0,1958.0,2130.0,2020.0,87569.0
139,1001.0,6.0,29.0,LGA,2020-02-29 13:54:00+00:00,585.0,2020-02-29,0 days 01:58:00,DL,2.0,2020-02-29 11:56:00+00:00,CVG,1.0,N936XJ,12.0,24.0,820.0,942.0,2020.0,15308.0
140,1525.0,6.0,29.0,LGA,2020-02-29 18:57:00+00:00,585.0,2020-02-29,0 days 01:40:00,DL,2.0,2020-02-29 17:17:00+00:00,CVG,1.0,N131EV,6.0,7.0,1324.0,1451.0,2020.0,8712.0
0,912.0,6.0,1.0,CVG,2020-02-01 12:58:00+00:00,585.0,2020-02-01,0 days 02:05:00,DL,2.0,2020-02-01 10:53:00+00:00,LGA,1.0,N383DN,5.0,19.0,712.0,853.0,2020.0,49384.0
2,1023.0,7.0,2.0,CVG,2020-02-02 14:08:00+00:00,585.0,2020-02-02,0 days 02:03:00,DL,2.0,2020-02-02 12:05:00+00:00,LGA,1.0,N272PQ,4.0,18.0,823.0,1004.0,2020.0,4699.0
48,1328.0,2.0,11.0,CVG,2020-02-11 17:53:00+00:00,585.0,2020-02-11,0 days 03:02:00,DL,2.0,2020-02-11 14:51:00+00:00,LGA,1.0,N691CA,4.0,72.0,1203.0,1349.0,2020.0,8056.0
127,1333.0,6.0,29.0,MSP,2020-02-29 18:26:00+00:00,596.0,2020-02-29,0 days 02:03:00,DL,2.0,2020-02-29 16:23:00+00:00,CVG,1.0,N315PQ,6.0,12.0,1235.0,1320.0,2020.0,4178.0
128,1906.0,6.0,29.0,MSP,2020-02-29 23:47:00+00:00,596.0,2020-02-29,0 days 01:56:00,DL,2.0,2020-02-29 21:51:00+00:00,CVG,1.0,N296PQ,3.0,10.0,1801.0,1844.0,2020.0,14261.0
3,1316.0,7.0,2.0,CVG,2020-02-02 16:43:00+00:00,596.0,2020-02-02,0 days 01:39:00,DL,2.0,2020-02-02 15:04:00+00:00,MSP,1.0,N319PQ,4.0,26.0,1030.0,1239.0,2020.0,3225.0
54,1316.0,4.0,13.0,CVG,2020-02-13 17:14:00+00:00,596.0,2020-02-13,0 days 02:00:00,DL,2.0,2020-02-13 15:14:00+00:00,MSP,1.0,N922XJ,5.0,29.0,1043.0,1309.0,2020.0,3236.0
15,851.0,6.0,29.0,SEA,2020-02-29 16:22:00+00:00,1965.0,2020-02-29,0 days 05:10:00,DL,2.0,2020-02-29 11:12:00+00:00,CVG,1.0,N393DA,5.0,32.0,744.0,917.0,2020.0,90912.0
133,1507.0,6.0,29.0,DTW,2020-02-29 18:59:00+00:00,229.0,2020-02-29,0 days 01:12:00,DL,2.0,2020-02-29 17:47:00+00:00,CVG,1.0,N309PQ,8.0,15.0,1402.0,1451.0,2020.0,19587.0
134,1915.0,6.0,29.0,DTW,2020-02-29 23:13:00+00:00,229.0,2020-02-29,0 days 01:23:00,DL,2.0,2020-02-29 21:50:00+00:00,CVG,1.0,N932XJ,12.0,17.0,1807.0,1901.0,2020.0,11650.0
5,1343.0,7.0,2.0,CVG,2020-02-02 17:24:00+00:00,229.0,2020-02-02,0 days 01:03:00,DL,2.0,2020-02-02 16:21:00+00:00,DTW,1.0,N921XJ,3.0,22.0,1243.0,1321.0,2020.0,18833.0
14,839.0,2.0,4.0,CVG,2020-02-04 12:04:00+00:00,229.0,2020-02-04,0 days 00:59:00,DL,2.0,2020-02-04 11:05:00+00:00,DTW,1.0,N313PQ,4.0,9.0,714.0,800.0,2020.0,12037.0
28,1236.0,6.0,29.0,FLL,2020-02-29 16:23:00+00:00,932.0,2020-02-29,0 days 02:22:00,DL,2.0,2020-02-29 14:01:00+00:00,CVG,1.0,N3732J,7.0,8.0,1009.0,1216.0,2020.0,91024.0
5,1503.0,4.0,6.0,CVG,2020-02-06 18:54:00+00:00,932.0,2020-02-06,0 days 02:16:00,DL,2.0,2020-02-06 16:38:00+00:00,FLL,1.0,N376DA,3.0,11.0,1249.0,1451.0,2020.0,77114.0
24,925.0,6.0,29.0,SFO,2020-02-29 16:16:00+00:00,2036.0,2020-02-29,0 days 05:04:00,DL,2.0,2020-02-29 11:12:00+00:00,CVG,1.0,N851DN,7.0,23.0,735.0,909.0,2020.0,92082.0
209,1204.0,6.0,29.0,LAX,2020-02-29 19:13:00+00:00,590.0,2020-02-29,0 days 01:55:00,DL,2.0,2020-02-29 17:18:00+00:00,SLC,1.0,N335NW,7.0,17.0,1135.0,1206.0,2020.0,90880.0
210,1558.0,6.0,29.0,LAX,2020-02-29 22:49:00+00:00,590.0,2020-02-29,0 days 01:50:00,DL,2.0,2020-02-29 20:59:00+00:00,SLC,1.0,N379DN,5.0,14.0,1513.0,1544.0,2020.0,91648.0
211,2130.0,6.0,29.0,LAX,2020-03-01 04:18:00+00:00,590.0,2020-02-29,0 days 01:56:00,DL,2.0,2020-03-01 02:22:00+00:00,SLC,1.0,N320NB,8.0,16.0,2038.0,2110.0,2020.0,90747.0
0,1006.0,6.0,1.0,SLC,2020-02-01 16:04:00+00:00,590.0,2020-02-01,0 days 01:58:00,DL,2.0,2020-02-01 14:06:00+00:00,LAX,1.0,N332NW,17.0,12.0,718.0,947.0,2020.0,48709.0
1,1257.0,6.0,1.0,SLC,2020-02-01 19:01:00+00:00,590.0,2020-02-01,0 days 01:44:00,DL,2.0,2020-02-01 17:17:00+00:00,LAX,1.0,N3760C,5.0,10.0,1027.0,1256.0,2020.0,49653.0
68,1541.0,6.0,29.0,MCO,2020-02-29 19:36:00+00:00,1931.0,2020-02-29,0 days 04:04:00,DL,2.0,2020-02-29 15:32:00+00:00,SLC,1.0,N331DN,8.0,15.0,947.0,1528.0,2020.0,90274.0
69,2339.0,6.0,29.0,MCO,2020-03-01 03:18:00+00:00,1931.0,2020-02-29,0 days 03:53:00,DL,2.0,2020-02-29 23:25:00+00:00,SLC,1.0,N67171,10.0,15.0,1740.0,2308.0,2020.0,90704.0
0,1000.0,6.0,1.0,SLC,2020-02-01 16:11:00+00:00,1931.0,2020-02-01,0 days 05:11:00,DL,2.0,2020-02-01 11:00:00+00:00,MCO,1.0,N350DN,14.0,24.0,724.0,957.0,2020.0,48295.0
1,1922.0,6.0,1.0,SLC,2020-02-02 01:05:00+00:00,1931.0,2020-02-01,0 days 04:42:00,DL,2.0,2020-02-01 20:23:00+00:00,MCO,1.0,N671DN,7.0,13.0,1636.0,1858.0,2020.0,49635.0
54,2354.0,6.0,29.0,BOS,2020-03-01 03:42:00+00:00,2105.0,2020-02-29,0 days 04:21:00,DL,2.0,2020-02-29 23:21:00+00:00,SLC,1.0,N852DN,6.0,19.0,1740.0,2336.0,2020.0,91299.0
0,1010.0,6.0,1.0,SLC,2020-02-01 15:45:00+00:00,2105.0,2020-02-01,0 days 05:21:00,DL,2.0,2020-02-01 10:24:00+00:00,BOS,1.0,N853DN,6.0,27.0,651.0,939.0,2020.0,49714.0
52,1617.0,6.0,29.0,EWR,2020-02-29 20:01:00+00:00,1969.0,2020-02-29,0 days 04:03:00,DL,2.0,2020-02-29 15:58:00+00:00,SLC,1.0,N826DN,3.0,14.0,1012.0,1558.0,2020.0,91003.0
53,2318.0,6.0,29.0,EWR,2020-03-01 03:02:00+00:00,1969.0,2020-02-29,0 days 04:04:00,DL,2.0,2020-02-29 22:58:00+00:00,SLC,1.0,N384DA,4.0,16.0,1714.0,2258.0,2020.0,92197.0
0,1020.0,6.0,1.0,SLC,2020-02-01 15:40:00+00:00,1969.0,2020-02-01,0 days 04:43:00,DL,2.0,2020-02-01 10:57:00+00:00,EWR,1.0,N863DN,12.0,11.0,708.0,928.0,2020.0,49912.0
3,2121.0,1.0,3.0,SLC,2020-02-04 05:07:00+00:00,1969.0,2020-02-03,0 days 05:29:00,DL,2.0,2020-02-03 23:38:00+00:00,EWR,1.0,N3759,12.0,17.0,1955.0,2255.0,2020.0,53129.0
149,2012.0,6.0,29.0,JFK,2020-03-01 00:12:00+00:00,1990.0,2020-02-29,0 days 04:32:00,DL,2.0,2020-02-29 19:40:00+00:00,SLC,1.0,N154DL,15.0,27.0,1407.0,1957.0,2020.0,90453.0
150,2355.0,6.0,29.0,JFK,2020-03-01 03:51:00+00:00,1990.0,2020-02-29,0 days 04:16:00,DL,2.0,2020-02-29 23:35:00+00:00,SLC,1.0,N904DN,7.0,13.0,1748.0,2344.0,2020.0,91288.0
151,534.0,6.0,29.0,JFK,2020-03-01 09:16:00+00:00,1990.0,2020-02-29,0 days 04:07:00,DL,2.0,2020-03-01 05:09:00+00:00,SLC,1.0,N6708D,6.0,19.0,2328.0,510.0,2020.0,90441.0
0,856.0,6.0,1.0,SLC,2020-02-01 14:11:00+00:00,1990.0,2020-02-01,0 days 04:47:00,DL,2.0,2020-02-01 09:24:00+00:00,JFK,1.0,N127DU,5.0,14.0,538.0,806.0,2020.0,48302.0
1,1008.0,6.0,1.0,SLC,2020-02-01 15:56:00+00:00,1990.0,2020-02-01,0 days 05:14:00,DL,2.0,2020-02-01 10:42:00+00:00,JFK,1.0,N173DZ,32.0,12.0,654.0,924.0,2020.0,48345.0
2,1430.0,6.0,1.0,SLC,2020-02-01 20:01:00+00:00,1990.0,2020-02-01,0 days 04:53:00,DL,2.0,2020-02-01 15:08:00+00:00,JFK,1.0,N879DN,4.0,18.0,1126.0,1357.0,2020.0,49774.0
4,2148.0,6.0,1.0,SLC,2020-02-02 03:18:00+00:00,1990.0,2020-02-01,0 days 04:54:00,DL,2.0,2020-02-01 22:24:00+00:00,JFK,1.0,N67171,4.0,21.0,1845.0,2114.0,2020.0,48280.0
134,1208.0,6.0,29.0,MSP,2020-02-29 20:10:00+00:00,991.0,2020-02-29,0 days 02:15:00,DL,2.0,2020-02-29 17:55:00+00:00,SLC,1.0,N355NW,6.0,10.0,1205.0,1504.0,2020.0,91817.0
135,1900.0,6.0,29.0,MSP,2020-02-29 23:53:00+00:00,991.0,2020-02-29,0 days 02:24:00,DL,2.0,2020-02-29 21:29:00+00:00,SLC,1.0,N336DX,4.0,18.0,1547.0,1849.0,2020.0,90499.0
136,2100.0,6.0,29.0,MSP,2020-03-01 01:43:00+00:00,991.0,2020-02-29,0 days 02:14:00,DL,2.0,2020-02-29 23:29:00+00:00,SLC,1.0,N359DN,4.0,14.0,1743.0,2039.0,2020.0,90391.0
0,1029.0,6.0,1.0,SLC,2020-02-01 16:23:00+00:00,991.0,2020-02-01,0 days 02:44:00,DL,2.0,2020-02-01 13:39:00+00:00,MSP,1.0,N328NW,5.0,21.0,900.0,1018.0,2020.0,49729.0
4,1314.0,7.0,2.0,SLC,2020-02-02 19:20:00+00:00,991.0,2020-02-02,0 days 02:49:00,DL,2.0,2020-02-02 16:31:00+00:00,MSP,1.0,N6715C,5.0,15.0,1146.0,1315.0,2020.0,50015.0
11,2145.0,1.0,3.0,SLC,2020-02-04 03:36:00+00:00,991.0,2020-02-03,0 days 02:57:00,DL,2.0,2020-02-04 00:39:00+00:00,MSP,1.0,N312DN,8.0,10.0,1949.0,2128.0,2020.0,54171.0
194,1817.0,6.0,29.0,SEA,2020-03-01 01:06:00+00:00,689.0,2020-02-29,0 days 02:08:00,DL,2.0,2020-02-29 22:58:00+00:00,SLC,1.0,N3768,11.0,16.0,1714.0,1755.0,2020.0,90806.0
195,2156.0,6.0,29.0,SEA,2020-03-01 04:32:00+00:00,689.0,2020-02-29,0 days 02:00:00,DL,2.0,2020-03-01 02:32:00+00:00,SLC,1.0,N395DN,6.0,15.0,2047.0,2126.0,2020.0,92073.0
0,900.0,6.0,1.0,SLC,2020-02-01 14:44:00+00:00,689.0,2020-02-01,0 days 01:47:00,DL,2.0,2020-02-01 12:57:00+00:00,SEA,1.0,N3757D,5.0,14.0,611.0,839.0,2020.0,49158.0
1,1247.0,6.0,1.0,SLC,2020-02-01 18:34:00+00:00,689.0,2020-02-01,0 days 01:49:00,DL,2.0,2020-02-01 16:45:00+00:00,SEA,1.0,N3756,4.0,23.0,1008.0,1230.0,2020.0,49272.0
14,1415.0,1.0,3.0,SLC,2020-02-03 20:08:00+00:00,689.0,2020-02-03,0 days 01:55:00,DL,2.0,2020-02-03 18:13:00+00:00,SEA,1.0,N398DA,4.0,14.0,1127.0,1404.0,2020.0,54552.0
107,1453.0,6.0,29.0,DTW,2020-02-29 18:43:00+00:00,1481.0,2020-02-29,0 days 03:17:00,DL,2.0,2020-02-29 15:26:00+00:00,SLC,1.0,N337DN,7.0,14.0,940.0,1436.0,2020.0,90696.0
108,1931.0,6.0,29.0,DTW,2020-02-29 23:22:00+00:00,1481.0,2020-02-29,0 days 03:09:00,DL,2.0,2020-02-29 20:13:00+00:00,SLC,1.0,N321DH,5.0,11.0,1424.0,1917.0,2020.0,91531.0
0,1011.0,6.0,1.0,SLC,2020-02-01 15:44:00+00:00,1481.0,2020-02-01,0 days 03:52:00,DL,2.0,2020-02-01 11:52:00+00:00,DTW,1.0,N335DN,9.0,20.0,812.0,935.0,2020.0,48236.0
7,1430.0,1.0,3.0,SLC,2020-02-03 20:27:00+00:00,1481.0,2020-02-03,0 days 04:12:00,DL,2.0,2020-02-03 16:15:00+00:00,DTW,1.0,N378DN,11.0,19.0,1234.0,1416.0,2020.0,52840.0
28,2328.0,6.0,29.0,FLL,2020-03-01 03:20:00+00:00,2084.0,2020-02-29,0 days 04:18:00,DL,2.0,2020-02-29 23:02:00+00:00,SLC,1.0,N865DN,7.0,22.0,1724.0,2313.0,2020.0,91649.0
0,1009.0,6.0,1.0,SLC,2020-02-01 16:17:00+00:00,2084.0,2020-02-01,0 days 05:26:00,DL,2.0,2020-02-01 10:51:00+00:00,FLL,1.0,N883DN,17.0,17.0,708.0,1000.0,2020.0,49862.0
135,1235.0,6.0,29.0,SFO,2020-02-29 19:19:00+00:00,599.0,2020-02-29,0 days 02:02:00,DL,2.0,2020-02-29 17:17:00+00:00,SLC,1.0,N326NB,9.0,15.0,1132.0,1210.0,2020.0,92161.0
136,1611.0,6.0,29.0,SFO,2020-02-29 22:58:00+00:00,599.0,2020-02-29,0 days 01:59:00,DL,2.0,2020-02-29 20:59:00+00:00,SLC,1.0,N348NB,5.0,12.0,1511.0,1553.0,2020.0,90779.0
137,2147.0,6.0,29.0,SFO,2020-03-01 04:37:00+00:00,599.0,2020-02-29,0 days 02:05:00,DL,2.0,2020-03-01 02:32:00+00:00,SLC,1.0,N362NW,6.0,16.0,2048.0,2131.0,2020.0,90504.0
0,857.0,6.0,1.0,SLC,2020-02-01 14:44:00+00:00,599.0,2020-02-01,0 days 01:41:00,DL,2.0,2020-02-01 13:03:00+00:00,SFO,1.0,N360NB,4.0,15.0,618.0,840.0,2020.0,49479.0
1,1326.0,6.0,1.0,SLC,2020-02-01 19:11:00+00:00,599.0,2020-02-01,0 days 01:53:00,DL,2.0,2020-02-01 17:18:00+00:00,SFO,1.0,N257SY,3.0,28.0,1046.0,1308.0,2020.0,21834.0
41,2145.0,7.0,9.0,SLC,2020-02-10 04:28:00+00:00,599.0,2020-02-09,0 days 01:57:00,DL,2.0,2020-02-10 02:31:00+00:00,SFO,1.0,N293SY,11.0,8.0,1939.0,2217.0,2020.0,39072.0
134,1609.0,6.0,29.0,SNA,2020-02-29 23:00:00+00:00,588.0,2020-02-29,0 days 01:51:00,DL,2.0,2020-02-29 21:09:00+00:00,SLC,1.0,N109DU,6.0,15.0,1524.0,1554.0,2020.0,90583.0
135,2121.0,6.0,29.0,SNA,2020-03-01 04:10:00+00:00,588.0,2020-02-29,0 days 01:47:00,DL,2.0,2020-03-01 02:23:00+00:00,SLC,1.0,N128DU,5.0,10.0,2033.0,2105.0,2020.0,91978.0
0,1002.0,6.0,1.0,SLC,2020-02-01 17:04:00+00:00,588.0,2020-02-01,0 days 01:51:00,DL,2.0,2020-02-01 15:13:00+00:00,SNA,1.0,N112DU,7.0,12.0,825.0,1057.0,2020.0,48768.0
1,1603.0,6.0,1.0,SLC,2020-02-01 21:57:00+00:00,588.0,2020-02-01,0 days 01:42:00,DL,2.0,2020-02-01 20:15:00+00:00,SNA,1.0,N107DU,4.0,10.0,1325.0,1553.0,2020.0,49888.0
78,1748.0,6.0,29.0,MCO,2020-02-29 21:17:00+00:00,2218.0,2020-02-29,0 days 04:13:00,DL,2.0,2020-02-29 17:04:00+00:00,LAX,1.0,N845DN,7.0,11.0,1015.0,1710.0,2020.0,90591.0
79,632.0,6.0,29.0,MCO,2020-03-01 09:57:00+00:00,2218.0,2020-02-29,0 days 04:02:00,DL,2.0,2020-03-01 05:55:00+00:00,LAX,1.0,N698DL,4.0,14.0,2309.0,553.0,2020.0,90840.0
0,840.0,6.0,1.0,LAX,2020-02-01 15:20:00+00:00,2218.0,2020-02-01,0 days 05:20:00,DL,2.0,2020-02-01 10:00:00+00:00,MCO,1.0,N690DL,10.0,17.0,617.0,810.0,2020.0,49413.0
2,840.0,7.0,2.0,LAX,2020-02-02 15:14:00+00:00,2218.0,2020-02-02,0 days 05:10:00,DL,2.0,2020-02-02 10:04:00+00:00,MCO,1.0,N6707A,12.0,16.0,620.0,802.0,2020.0,51490.0
50,1624.0,6.0,29.0,BOS,2020-02-29 20:05:00+00:00,2611.0,2020-02-29,0 days 05:09:00,DL,2.0,2020-02-29 14:56:00+00:00,LAX,1.0,N704X,5.0,14.0,810.0,1600.0,2020.0,91036.0
2,1141.0,1.0,3.0,LAX,2020-02-03 18:36:00+00:00,2611.0,2020-02-03,0 days 06:39:00,DL,2.0,2020-02-03 11:57:00+00:00,BOS,1.0,N709TW,9.0,25.0,822.0,1127.0,2020.0,53502.0
246,825.0,5.0,28.0,JFK,2020-02-29 12:17:00+00:00,2475.0,2020-02-28,0 days 05:23:00,DL,2.0,2020-02-29 06:54:00+00:00,LAX,1.0,N179DN,14.0,25.0,19.0,803.0,2020.0,88258.0
247,1420.0,6.0,29.0,JFK,2020-02-29 18:11:00+00:00,2475.0,2020-02-29,0 days 05:10:00,DL,2.0,2020-02-29 13:01:00+00:00,LAX,1.0,N174DN,10.0,22.0,623.0,1401.0,2020.0,90961.0
248,1609.0,6.0,29.0,JFK,2020-02-29 19:56:00+00:00,2475.0,2020-02-29,0 days 05:03:00,DL,2.0,2020-02-29 14:53:00+00:00,LAX,1.0,N175DN,7.0,14.0,807.0,1549.0,2020.0,90799.0
249,1743.0,6.0,29.0,JFK,2020-02-29 21:34:00+00:00,2475.0,2020-02-29,0 days 05:07:00,DL,2.0,2020-02-29 16:27:00+00:00,LAX,1.0,N152DL,12.0,18.0,945.0,1722.0,2020.0,91573.0
250,1951.0,6.0,29.0,JFK,2020-02-29 23:31:00+00:00,2475.0,2020-02-29,0 days 05:15:00,DL,2.0,2020-02-29 18:16:00+00:00,LAX,1.0,N177DN,18.0,17.0,1133.0,1913.0,2020.0,90245.0
251,2228.0,6.0,29.0,JFK,2020-03-01 01:57:00+00:00,2475.0,2020-02-29,0 days 04:52:00,DL,2.0,2020-02-29 21:05:00+00:00,LAX,1.0,N185DN,8.0,14.0,1419.0,2149.0,2020.0,91642.0
252,512.0,6.0,29.0,JFK,2020-03-01 08:57:00+00:00,2475.0,2020-02-29,0 days 05:03:00,DL,2.0,2020-03-01 03:54:00+00:00,LAX,1.0,N198DN,7.0,16.0,2110.0,450.0,2020.0,90694.0
0,1025.0,6.0,1.0,LAX,2020-02-01 16:35:00+00:00,2475.0,2020-02-01,0 days 05:39:00,DL,2.0,2020-02-01 10:56:00+00:00,JFK,1.0,N177DN,13.0,13.0,709.0,922.0,2020.0,48804.0
1,1213.0,6.0,1.0,LAX,2020-02-01 18:29:00+00:00,2475.0,2020-02-01,0 days 06:00:00,DL,2.0,2020-02-01 12:29:00+00:00,JFK,1.0,N174DN,20.0,26.0,855.0,1109.0,2020.0,49431.0
2,1512.0,6.0,1.0,LAX,2020-02-01 21:25:00+00:00,2475.0,2020-02-01,0 days 05:46:00,DL,2.0,2020-02-01 15:39:00+00:00,JFK,1.0,N172DN,12.0,15.0,1154.0,1413.0,2020.0,48046.0
4,2130.0,6.0,1.0,LAX,2020-02-02 04:05:00+00:00,2475.0,2020-02-01,0 days 06:10:00,DL,2.0,2020-02-01 21:55:00+00:00,JFK,1.0,N176DN,31.0,14.0,1809.0,2034.0,2020.0,48060.0
10,2029.0,7.0,2.0,LAX,2020-02-03 03:01:00+00:00,2475.0,2020-02-02,0 days 06:09:00,DL,2.0,2020-02-02 20:52:00+00:00,JFK,1.0,N177DN,5.0,11.0,1703.0,1956.0,2020.0,50011.0
11,2130.0,7.0,2.0,LAX,2020-02-03 04:20:00+00:00,2475.0,2020-02-02,0 days 06:28:00,DL,2.0,2020-02-02 21:52:00+00:00,JFK,1.0,N172DN,11.0,21.0,1813.0,2109.0,2020.0,50023.0
171,2254.0,4.0,20.0,LAX,2020-02-21 06:28:00+00:00,2475.0,2020-02-20,0 days 07:06:00,DL,2.0,2020-02-20 23:22:00+00:00,JFK,1.0,N172DN,8.0,59.0,2021.0,2320.0,2020.0,102315.0
168,1145.0,6.0,29.0,MSP,2020-02-29 16:31:00+00:00,1535.0,2020-02-29,0 days 03:18:00,DL,2.0,2020-02-29 13:13:00+00:00,LAX,1.0,N592NW,4.0,17.0,630.0,1127.0,2020.0,90866.0
169,1437.0,6.0,29.0,MSP,2020-02-29 19:24:00+00:00,1535.0,2020-02-29,0 days 03:21:00,DL,2.0,2020-02-29 16:03:00+00:00,LAX,1.0,N829DN,6.0,17.0,920.0,1418.0,2020.0,91107.0
170,1928.0,6.0,29.0,MSP,2020-03-01 00:19:00+00:00,1535.0,2020-02-29,0 days 03:18:00,DL,2.0,2020-02-29 21:01:00+00:00,LAX,1.0,N551NW,3.0,23.0,1424.0,1916.0,2020.0,90879.0
1,1355.0,6.0,1.0,LAX,2020-02-01 20:40:00+00:00,1535.0,2020-02-01,0 days 03:54:00,DL,2.0,2020-02-01 16:46:00+00:00,MSP,1.0,N592NW,21.0,17.0,1203.0,1319.0,2020.0,48815.0
2,1635.0,6.0,1.0,LAX,2020-02-01 23:03:00+00:00,1535.0,2020-02-01,0 days 03:34:00,DL,2.0,2020-02-01 19:29:00+00:00,MSP,1.0,N540US,7.0,9.0,1438.0,1556.0,2020.0,48164.0
32,1946.0,4.0,6.0,LAX,2020-02-07 02:10:00+00:00,1535.0,2020-02-06,0 days 03:36:00,DL,2.0,2020-02-06 22:34:00+00:00,MSP,1.0,N917DU,13.0,12.0,1746.0,1857.0,2020.0,76898.0
206,1448.0,6.0,29.0,SEA,2020-02-29 21:27:00+00:00,954.0,2020-02-29,0 days 02:34:00,DL,2.0,2020-02-29 18:53:00+00:00,LAX,1.0,N920DU,10.0,9.0,1202.0,1417.0,2020.0,90283.0
207,1751.0,6.0,29.0,SEA,2020-03-01 00:26:00+00:00,954.0,2020-02-29,0 days 02:28:00,DL,2.0,2020-02-29 21:58:00+00:00,LAX,1.0,N377DE,5.0,10.0,1508.0,1721.0,2020.0,90542.0
208,2204.0,6.0,29.0,SEA,2020-03-01 05:13:00+00:00,954.0,2020-02-29,0 days 03:08:00,DL,2.0,2020-03-01 02:05:00+00:00,LAX,1.0,N3739P,35.0,10.0,1915.0,2138.0,2020.0,91294.0
0,855.0,6.0,1.0,LAX,2020-02-01 15:58:00+00:00,954.0,2020-02-01,0 days 02:47:00,DL,2.0,2020-02-01 13:11:00+00:00,SEA,1.0,N919DU,17.0,17.0,628.0,841.0,2020.0,49569.0
1,1208.0,6.0,1.0,LAX,2020-02-01 19:02:00+00:00,954.0,2020-02-01,0 days 02:41:00,DL,2.0,2020-02-01 16:21:00+00:00,SEA,1.0,N871DN,7.0,28.0,949.0,1155.0,2020.0,49630.0
13,1208.0,1.0,3.0,LAX,2020-02-03 18:42:00+00:00,954.0,2020-02-03,0 days 02:20:00,DL,2.0,2020-02-03 16:22:00+00:00,SEA,1.0,N390DA,11.0,15.0,937.0,1131.0,2020.0,54406.0
150,2049.0,6.0,29.0,DTW,2020-03-01 00:38:00+00:00,1979.0,2020-02-29,0 days 04:09:00,DL,2.0,2020-02-29 20:29:00+00:00,LAX,1.0,N669DN,10.0,17.0,1346.0,2028.0,2020.0,92116.0
151,612.0,6.0,29.0,DTW,2020-03-01 09:45:00+00:00,1979.0,2020-02-29,0 days 03:55:00,DL,2.0,2020-03-01 05:50:00+00:00,LAX,1.0,N845DN,5.0,11.0,2301.0,540.0,2020.0,91998.0
0,1051.0,6.0,1.0,LAX,2020-02-01 17:13:00+00:00,1979.0,2020-02-01,0 days 04:45:00,DL,2.0,2020-02-01 12:28:00+00:00,DTW,1.0,N585NW,10.0,31.0,859.0,1003.0,2020.0,49688.0
1,1427.0,6.0,1.0,LAX,2020-02-01 20:58:00+00:00,1979.0,2020-02-01,0 days 04:36:00,DL,2.0,2020-02-01 16:22:00+00:00,DTW,1.0,N6708D,8.0,27.0,1249.0,1350.0,2020.0,49803.0
191,1638.0,6.0,29.0,SFO,2020-02-29 23:19:00+00:00,337.0,2020-02-29,0 days 01:10:00,DL,2.0,2020-02-29 22:09:00+00:00,LAX,1.0,N336NB,5.0,9.0,1518.0,1614.0,2020.0,91985.0
192,1913.0,6.0,29.0,SFO,2020-03-01 01:55:00+00:00,337.0,2020-02-29,0 days 01:06:00,DL,2.0,2020-03-01 00:49:00+00:00,LAX,1.0,N335NW,4.0,8.0,1757.0,1851.0,2020.0,92015.0
193,2241.0,6.0,29.0,SFO,2020-03-01 05:23:00+00:00,337.0,2020-02-29,0 days 01:13:00,DL,2.0,2020-03-01 04:10:00+00:00,LAX,1.0,N349NB,8.0,9.0,2119.0,2215.0,2020.0,90865.0
0,803.0,6.0,1.0,LAX,2020-02-01 14:55:00+00:00,337.0,2020-02-01,0 days 01:36:00,DL,2.0,2020-02-01 13:19:00+00:00,SFO,1.0,N826DN,29.0,14.0,633.0,726.0,2020.0,49048.0
2,1258.0,6.0,1.0,LAX,2020-02-01 20:34:00+00:00,337.0,2020-02-01,0 days 01:23:00,DL,2.0,2020-02-01 19:11:00+00:00,SFO,1.0,N357NB,6.0,23.0,1234.0,1328.0,2020.0,49018.0
18,2126.0,1.0,3.0,LAX,2020-02-04 04:29:00+00:00,337.0,2020-02-03,0 days 01:30:00,DL,2.0,2020-02-04 02:59:00+00:00,SFO,1.0,N332NW,6.0,33.0,2032.0,2123.0,2020.0,54597.0
103,1521.0,6.0,29.0,BOS,2020-02-29 19:18:00+00:00,1121.0,2020-02-29,0 days 02:51:00,DL,2.0,2020-02-29 16:27:00+00:00,MCO,1.0,N391DN,6.0,20.0,1247.0,1512.0,2020.0,91179.0
104,1835.0,6.0,29.0,BOS,2020-02-29 22:34:00+00:00,1121.0,2020-02-29,0 days 02:46:00,DL,2.0,2020-02-29 19:48:00+00:00,MCO,1.0,N338NW,5.0,11.0,1559.0,1829.0,2020.0,90798.0
0,1130.0,6.0,1.0,MCO,2020-02-01 15:52:00+00:00,1121.0,2020-02-01,0 days 03:44:00,DL,2.0,2020-02-01 12:08:00+00:00,BOS,1.0,N341DN,16.0,19.0,827.0,1136.0,2020.0,48933.0
1,1456.0,6.0,1.0,MCO,2020-02-01 19:09:00+00:00,1121.0,2020-02-01,0 days 03:34:00,DL,2.0,2020-02-01 15:35:00+00:00,BOS,1.0,N370DN,8.0,11.0,1146.0,1501.0,2020.0,48005.0
115,2246.0,6.0,29.0,JFK,2020-03-01 02:22:00+00:00,944.0,2020-02-29,0 days 02:13:00,DL,2.0,2020-03-01 00:09:00+00:00,MCO,1.0,N395DZ,6.0,8.0,2017.0,2216.0,2020.0,91653.0
0,1101.0,6.0,1.0,MCO,2020-02-01 15:29:00+00:00,944.0,2020-02-01,0 days 03:27:00,DL,2.0,2020-02-01 12:02:00+00:00,JFK,1.0,N384DN,12.0,38.0,840.0,1117.0,2020.0,49749.0
137,1831.0,6.0,29.0,LGA,2020-02-29 22:15:00+00:00,950.0,2020-02-29,0 days 02:21:00,DL,2.0,2020-02-29 19:54:00+00:00,MCO,1.0,N355DN,6.0,11.0,1605.0,1809.0,2020.0,91590.0
138,1936.0,6.0,29.0,LGA,2020-02-29 23:17:00+00:00,950.0,2020-02-29,0 days 02:18:00,DL,2.0,2020-02-29 20:59:00+00:00,MCO,1.0,N331DN,7.0,9.0,1708.0,1910.0,2020.0,90984.0
0,1111.0,6.0,1.0,MCO,2020-02-01 15:02:00+00:00,950.0,2020-02-01,0 days 02:57:00,DL,2.0,2020-02-01 12:05:00+00:00,LGA,1.0,N337DN,8.0,15.0,820.0,1054.0,2020.0,49343.0
3,2058.0,6.0,1.0,MCO,2020-02-02 00:59:00+00:00,950.0,2020-02-01,0 days 03:10:00,DL,2.0,2020-02-01 21:49:00+00:00,LGA,1.0,N342DN,9.0,14.0,1803.0,2050.0,2020.0,49865.0
168,1637.0,6.0,29.0,MSP,2020-02-29 21:31:00+00:00,1310.0,2020-02-29,0 days 03:29:00,DL,2.0,2020-02-29 18:02:00+00:00,MCO,1.0,N900PC,3.0,15.0,1417.0,1628.0,2020.0,91184.0
169,2059.0,6.0,29.0,MSP,2020-03-01 01:47:00+00:00,1310.0,2020-02-29,0 days 03:22:00,DL,2.0,2020-02-29 22:25:00+00:00,MCO,1.0,N592NW,2.0,13.0,1838.0,2045.0,2020.0,90800.0
170,2327.0,6.0,29.0,MSP,2020-03-01 04:12:00+00:00,1310.0,2020-02-29,0 days 03:17:00,DL,2.0,2020-03-01 00:55:00+00:00,MCO,1.0,N314DN,2.0,12.0,2107.0,2310.0,2020.0,91881.0
0,1130.0,6.0,1.0,MCO,2020-02-01 15:12:00+00:00,1310.0,2020-02-01,0 days 03:08:00,DL,2.0,2020-02-01 12:04:00+00:00,MSP,1.0,N6715C,12.0,22.0,726.0,1100.0,2020.0,48716.0
1,1306.0,6.0,1.0,MCO,2020-02-01 17:21:00+00:00,1310.0,2020-02-01,0 days 03:08:00,DL,2.0,2020-02-01 14:13:00+00:00,MSP,1.0,N658DL,4.0,30.0,943.0,1317.0,2020.0,48938.0
8,1306.0,7.0,2.0,MCO,2020-02-02 16:42:00+00:00,1310.0,2020-02-02,0 days 03:00:00,DL,2.0,2020-02-02 13:42:00+00:00,MSP,1.0,N665DN,8.0,14.0,856.0,1234.0,2020.0,50985.0
30,2226.0,6.0,29.0,SEA,2020-03-01 04:58:00+00:00,2554.0,2020-02-29,0 days 06:08:00,DL,2.0,2020-02-29 22:50:00+00:00,MCO,1.0,N6706Q,9.0,17.0,1907.0,2149.0,2020.0,90551.0
0,1749.0,6.0,1.0,MCO,2020-02-01 21:52:00+00:00,2554.0,2020-02-01,0 days 05:15:00,DL,2.0,2020-02-01 16:37:00+00:00,SEA,1.0,N6716C,13.0,22.0,959.0,1739.0,2020.0,48357.0
189,1638.0,6.0,29.0,DTW,2020-02-29 20:36:00+00:00,957.0,2020-02-29,0 days 02:42:00,DL,2.0,2020-02-29 17:54:00+00:00,MCO,1.0,N101DQ,8.0,13.0,1407.0,1628.0,2020.0,90952.0
190,1851.0,6.0,29.0,DTW,2020-02-29 22:56:00+00:00,957.0,2020-02-29,0 days 02:36:00,DL,2.0,2020-02-29 20:20:00+00:00,MCO,1.0,N581NW,9.0,14.0,1634.0,1847.0,2020.0,91538.0
191,2207.0,6.0,29.0,DTW,2020-03-01 01:57:00+00:00,957.0,2020-02-29,0 days 02:36:00,DL,2.0,2020-02-29 23:21:00+00:00,MCO,1.0,N588NW,7.0,15.0,1936.0,2150.0,2020.0,92070.0
0,850.0,6.0,1.0,MCO,2020-02-01 12:52:00+00:00,957.0,2020-02-01,0 days 02:55:00,DL,2.0,2020-02-01 09:57:00+00:00,DTW,1.0,N332DN,9.0,26.0,623.0,843.0,2020.0,49869.0
1,1000.0,6.0,1.0,MCO,2020-02-01 14:01:00+00:00,957.0,2020-02-01,0 days 02:58:00,DL,2.0,2020-02-01 11:03:00+00:00,DTW,1.0,N6707A,6.0,39.0,742.0,955.0,2020.0,49507.0
88,1507.0,5.0,14.0,MCO,2020-02-14 19:58:00+00:00,957.0,2020-02-14,0 days 03:17:00,DL,2.0,2020-02-14 16:41:00+00:00,DTW,1.0,N694DL,9.0,56.0,1337.0,1549.0,2020.0,112385.0
119,1219.0,6.0,29.0,EWR,2020-02-29 16:00:00+00:00,200.0,2020-02-29,0 days 01:09:00,DL,2.0,2020-02-29 14:51:00+00:00,BOS,1.0,N210JQ,5.0,17.0,1108.0,1155.0,2020.0,133434.0
120,1542.0,6.0,29.0,EWR,2020-02-29 19:30:00+00:00,200.0,2020-02-29,0 days 01:19:00,DL,2.0,2020-02-29 18:11:00+00:00,BOS,1.0,N874RW,20.0,16.0,1427.0,1510.0,2020.0,133456.0
0,915.0,6.0,1.0,BOS,2020-02-01 13:12:00+00:00,200.0,2020-02-01,0 days 01:20:00,DL,2.0,2020-02-01 11:52:00+00:00,EWR,1.0,N208JQ,7.0,29.0,821.0,905.0,2020.0,126651.0
6,1345.0,1.0,3.0,BOS,2020-02-03 17:28:00+00:00,200.0,2020-02-03,0 days 01:02:00,DL,2.0,2020-02-03 16:26:00+00:00,EWR,1.0,N202JQ,8.0,12.0,1238.0,1320.0,2020.0,126930.0
189,1839.0,6.0,29.0,JFK,2020-02-29 23:25:00+00:00,187.0,2020-02-29,0 days 02:22:00,DL,2.0,2020-02-29 21:03:00+00:00,BOS,1.0,N343NB,47.0,49.0,1752.0,1838.0,2020.0,92153.0
0,912.0,6.0,1.0,BOS,2020-02-01 12:54:00+00:00,187.0,2020-02-01,0 days 01:07:00,DL,2.0,2020-02-01 11:47:00+00:00,JFK,1.0,N342NB,4.0,24.0,811.0,850.0,2020.0,48711.0
361,2129.0,5.0,28.0,LGA,2020-02-29 01:17:00+00:00,184.0,2020-02-28,0 days 01:21:00,DL,2.0,2020-02-28 23:56:00+00:00,BOS,1.0,N815MD,13.0,22.0,2018.0,2104.0,2020.0,133362.0
362,830.0,6.0,29.0,LGA,2020-02-29 13:19:00+00:00,184.0,2020-02-29,0 days 01:14:00,DL,2.0,2020-02-29 12:05:00+00:00,BOS,1.0,N217JQ,4.0,19.0,824.0,915.0,2020.0,133465.0
363,1056.0,6.0,29.0,LGA,2020-02-29 14:46:00+00:00,184.0,2020-02-29,0 days 01:23:00,DL,2.0,2020-02-29 13:23:00+00:00,BOS,1.0,N860RW,27.0,17.0,940.0,1019.0,2020.0,133487.0
364,1227.0,6.0,29.0,LGA,2020-02-29 16:04:00+00:00,184.0,2020-02-29,0 days 01:10:00,DL,2.0,2020-02-29 14:54:00+00:00,BOS,1.0,N211JQ,9.0,21.0,1115.0,1155.0,2020.0,133517.0
365,1522.0,6.0,29.0,LGA,2020-02-29 18:59:00+00:00,184.0,2020-02-29,0 days 01:00:00,DL,2.0,2020-02-29 17:59:00+00:00,BOS,1.0,N243JQ,6.0,14.0,1413.0,1453.0,2020.0,133522.0
366,1829.0,6.0,29.0,LGA,2020-02-29 22:00:00+00:00,184.0,2020-02-29,0 days 01:08:00,DL,2.0,2020-02-29 20:52:00+00:00,BOS,1.0,N210JQ,9.0,16.0,1708.0,1751.0,2020.0,133437.0
0,1024.0,6.0,1.0,BOS,2020-02-01 13:59:00+00:00,184.0,2020-02-01,0 days 01:01:00,DL,2.0,2020-02-01 12:58:00+00:00,LGA,1.0,N205JQ,6.0,14.0,912.0,953.0,2020.0,126721.0
10,820.0,1.0,3.0,BOS,2020-02-03 12:25:00+00:00,184.0,2020-02-03,0 days 00:58:00,DL,2.0,2020-02-03 11:27:00+00:00,LGA,1.0,N129DU,9.0,13.0,740.0,816.0,2020.0,53379.0
11,922.0,1.0,3.0,BOS,2020-02-03 13:00:00+00:00,184.0,2020-02-03,0 days 01:01:00,DL,2.0,2020-02-03 11:59:00+00:00,LGA,1.0,N276SY,9.0,14.0,813.0,851.0,2020.0,22799.0
60,1025.0,4.0,6.0,BOS,2020-02-06 15:02:00+00:00,184.0,2020-02-06,0 days 02:09:00,DL,2.0,2020-02-06 12:53:00+00:00,LGA,1.0,N208JQ,66.0,31.0,924.0,956.0,2020.0,127948.0
86,1920.0,5.0,7.0,BOS,2020-02-08 01:08:00+00:00,184.0,2020-02-07,0 days 01:19:00,DL,2.0,2020-02-07 23:49:00+00:00,LGA,1.0,N111NG,5.0,30.0,2019.0,2103.0,2020.0,94527.0
149,1349.0,6.0,29.0,MSP,2020-02-29 18:26:00+00:00,1124.0,2020-02-29,0 days 03:01:00,DL,2.0,2020-02-29 15:25:00+00:00,BOS,1.0,N369NW,6.0,16.0,1141.0,1320.0,2020.0,91848.0
150,1953.0,6.0,29.0,MSP,2020-03-01 00:34:00+00:00,1124.0,2020-02-29,0 days 03:15:00,DL,2.0,2020-02-29 21:19:00+00:00,BOS,1.0,N324DX,8.0,27.0,1746.0,1926.0,2020.0,91693.0
0,1337.0,6.0,1.0,BOS,2020-02-01 17:39:00+00:00,1124.0,2020-02-01,0 days 02:44:00,DL,2.0,2020-02-01 14:55:00+00:00,MSP,1.0,N393DN,5.0,23.0,1018.0,1334.0,2020.0,48677.0
48,2155.0,1.0,10.0,BOS,2020-02-11 01:17:00+00:00,1124.0,2020-02-10,0 days 02:17:00,DL,2.0,2020-02-10 23:00:00+00:00,MSP,1.0,N376DN,7.0,10.0,1810.0,2110.0,2020.0,57925.0
42,1018.0,6.0,29.0,SEA,2020-02-29 16:58:00+00:00,2496.0,2020-02-29,0 days 06:18:00,DL,2.0,2020-02-29 10:40:00+00:00,BOS,1.0,N377DE,10.0,28.0,708.0,948.0,2020.0,92137.0
5,640.0,3.0,5.0,BOS,2020-02-06 10:22:00+00:00,2496.0,2020-02-05,0 days 04:58:00,DL,2.0,2020-02-06 05:24:00+00:00,SEA,1.0,N387DA,11.0,15.0,2239.0,611.0,2020.0,75104.0
156,1506.0,6.0,29.0,DTW,2020-02-29 18:51:00+00:00,632.0,2020-02-29,0 days 02:07:00,DL,2.0,2020-02-29 16:44:00+00:00,BOS,1.0,N126DU,8.0,22.0,1306.0,1443.0,2020.0,91378.0
157,1935.0,6.0,29.0,DTW,2020-02-29 23:11:00+00:00,632.0,2020-02-29,0 days 01:58:00,DL,2.0,2020-02-29 21:13:00+00:00,BOS,1.0,N343DN,5.0,17.0,1730.0,1906.0,2020.0,91572.0
0,1034.0,6.0,1.0,BOS,2020-02-01 14:26:00+00:00,632.0,2020-02-01,0 days 01:57:00,DL,2.0,2020-02-01 12:29:00+00:00,DTW,1.0,N120DU,6.0,30.0,859.0,1020.0,2020.0,48090.0
31,2231.0,4.0,6.0,BOS,2020-02-07 02:47:00+00:00,632.0,2020-02-06,0 days 01:54:00,DL,2.0,2020-02-07 00:53:00+00:00,DTW,1.0,N357DN,8.0,25.0,2118.0,2239.0,2020.0,76790.0
58,1840.0,6.0,29.0,MIA,2020-02-29 22:14:00+00:00,1258.0,2020-02-29,0 days 03:15:00,DL,2.0,2020-02-29 18:59:00+00:00,BOS,1.0,N374NW,8.0,15.0,1514.0,1806.0,2020.0,91304.0
1,2327.0,6.0,1.0,BOS,2020-02-02 03:20:00+00:00,1258.0,2020-02-01,0 days 03:04:00,DL,2.0,2020-02-02 00:16:00+00:00,MIA,1.0,N377NW,9.0,34.0,2050.0,2311.0,2020.0,49053.0
35,1802.0,6.0,29.0,FLL,2020-02-29 22:20:00+00:00,1237.0,2020-02-29,0 days 03:20:00,DL,2.0,2020-02-29 19:00:00+00:00,BOS,1.0,N323DN,6.0,22.0,1522.0,1814.0,2020.0,91454.0
0,1105.0,6.0,1.0,BOS,2020-02-01 14:48:00+00:00,1237.0,2020-02-01,0 days 02:55:00,DL,2.0,2020-02-01 11:53:00+00:00,FLL,1.0,N333DX,6.0,13.0,806.0,1042.0,2020.0,48548.0
42,1912.0,6.0,29.0,PBI,2020-02-29 23:00:00+00:00,1197.0,2020-02-29,0 days 03:05:00,DL,2.0,2020-02-29 19:55:00+00:00,BOS,1.0,N322US,5.0,15.0,1610.0,1855.0,2020.0,91125.0
0,2304.0,6.0,1.0,BOS,2020-02-02 02:44:00+00:00,1197.0,2020-02-01,0 days 02:41:00,DL,2.0,2020-02-02 00:03:00+00:00,PBI,1.0,N362NW,7.0,12.0,2015.0,2237.0,2020.0,48888.0
118,1640.0,6.0,29.0,MSP,2020-02-29 21:42:00+00:00,1008.0,2020-02-29,0 days 02:57:00,DL,2.0,2020-02-29 18:45:00+00:00,EWR,1.0,N104DU,7.0,23.0,1508.0,1635.0,2020.0,90563.0
0,1400.0,6.0,1.0,EWR,2020-02-01 17:36:00+00:00,1008.0,2020-02-01,0 days 02:31:00,DL,2.0,2020-02-01 15:05:00+00:00,MSP,1.0,N825SK,6.0,17.0,1022.0,1330.0,2020.0,21857.0
156,1131.0,6.0,29.0,DTW,2020-02-29 15:13:00+00:00,488.0,2020-02-29,0 days 01:41:00,DL,2.0,2020-02-29 13:32:00+00:00,EWR,1.0,N116DU,4.0,18.0,950.0,1109.0,2020.0,90417.0
157,1456.0,6.0,29.0,DTW,2020-02-29 18:20:00+00:00,488.0,2020-02-29,0 days 01:33:00,DL,2.0,2020-02-29 16:47:00+00:00,EWR,1.0,N135EV,7.0,9.0,1256.0,1413.0,2020.0,9492.0
158,1909.0,6.0,29.0,DTW,2020-02-29 22:50:00+00:00,488.0,2020-02-29,0 days 01:50:00,DL,2.0,2020-02-29 21:00:00+00:00,EWR,1.0,N170PQ,8.0,21.0,1721.0,1842.0,2020.0,37890.0
5,1209.0,7.0,2.0,EWR,2020-02-02 15:43:00+00:00,488.0,2020-02-02,0 days 01:27:00,DL,2.0,2020-02-02 14:16:00+00:00,DTW,1.0,N374CA,8.0,14.0,1030.0,1135.0,2020.0,123539.0
12,1932.0,1.0,3.0,EWR,2020-02-03 23:13:00+00:00,488.0,2020-02-03,0 days 01:30:00,DL,2.0,2020-02-03 21:43:00+00:00,DTW,1.0,N110DU,7.0,19.0,1802.0,1906.0,2020.0,54034.0
71,2219.0,4.0,13.0,EWR,2020-02-14 02:19:00+00:00,488.0,2020-02-13,0 days 01:30:00,DL,2.0,2020-02-14 00:49:00+00:00,DTW,1.0,N961AT,7.0,21.0,2110.0,2212.0,2020.0,109457.0
107,1348.0,6.0,29.0,MSP,2020-02-29 18:28:00+00:00,1029.0,2020-02-29,0 days 02:54:00,DL,2.0,2020-02-29 15:34:00+00:00,JFK,1.0,N344NB,3.0,18.0,1152.0,1325.0,2020.0,91769.0
108,2152.0,6.0,29.0,MSP,2020-03-01 02:25:00+00:00,1029.0,2020-02-29,0 days 03:02:00,DL,2.0,2020-02-29 23:23:00+00:00,JFK,1.0,N990AT,5.0,20.0,1943.0,2120.0,2020.0,90742.0
0,1056.0,6.0,1.0,JFK,2020-02-01 14:47:00+00:00,1029.0,2020-02-01,0 days 02:43:00,DL,2.0,2020-02-01 12:04:00+00:00,MSP,1.0,N943AT,8.0,29.0,733.0,1039.0,2020.0,49203.0
1,1406.0,6.0,1.0,JFK,2020-02-01 17:45:00+00:00,1029.0,2020-02-01,0 days 02:26:00,DL,2.0,2020-02-01 15:19:00+00:00,MSP,1.0,N960AT,5.0,11.0,1030.0,1340.0,2020.0,48630.0
85,1919.0,6.0,29.0,SEA,2020-03-01 01:45:00+00:00,2422.0,2020-02-29,0 days 05:57:00,DL,2.0,2020-02-29 19:48:00+00:00,JFK,1.0,N713TW,11.0,16.0,1604.0,1834.0,2020.0,91955.0
86,2153.0,6.0,29.0,SEA,2020-03-01 04:27:00+00:00,2422.0,2020-02-29,0 days 06:00:00,DL,2.0,2020-02-29 22:27:00+00:00,JFK,1.0,N624AG,9.0,24.0,1851.0,2118.0,2020.0,91820.0
0,1554.0,6.0,1.0,JFK,2020-02-01 19:54:00+00:00,2422.0,2020-02-01,0 days 05:01:00,DL,2.0,2020-02-01 14:53:00+00:00,SEA,1.0,N712TW,10.0,24.0,817.0,1544.0,2020.0,48760.0
16,1600.0,4.0,6.0,JFK,2020-02-06 20:10:00+00:00,2422.0,2020-02-06,0 days 05:10:00,DL,2.0,2020-02-06 15:00:00+00:00,SEA,1.0,N624AG,8.0,30.0,830.0,1602.0,2020.0,77064.0
129,1715.0,6.0,29.0,DTW,2020-02-29 21:05:00+00:00,509.0,2020-02-29,0 days 01:57:00,DL,2.0,2020-02-29 19:08:00+00:00,JFK,1.0,N910AT,4.0,29.0,1537.0,1701.0,2020.0,90223.0
130,2155.0,6.0,29.0,DTW,2020-03-01 01:38:00+00:00,509.0,2020-02-29,0 days 02:06:00,DL,2.0,2020-02-29 23:32:00+00:00,JFK,1.0,N126DU,5.0,38.0,2010.0,2133.0,2020.0,90567.0
0,1015.0,6.0,1.0,JFK,2020-02-01 14:00:00+00:00,509.0,2020-02-01,0 days 01:45:00,DL,2.0,2020-02-01 12:15:00+00:00,DTW,1.0,N111NG,9.0,25.0,840.0,951.0,2020.0,48456.0
2,1844.0,6.0,1.0,JFK,2020-02-01 23:16:00+00:00,509.0,2020-02-01,0 days 02:26:00,DL,2.0,2020-02-01 20:50:00+00:00,DTW,1.0,N120DU,21.0,42.0,1732.0,1855.0,2020.0,48964.0
114,1857.0,6.0,29.0,MIA,2020-02-29 22:31:00+00:00,1089.0,2020-02-29,0 days 02:58:00,DL,2.0,2020-02-29 19:33:00+00:00,JFK,1.0,N384DN,8.0,20.0,1553.0,1823.0,2020.0,91733.0
115,2247.0,6.0,29.0,MIA,2020-03-01 02:39:00+00:00,1089.0,2020-02-29,0 days 03:16:00,DL,2.0,2020-02-29 23:23:00+00:00,JFK,1.0,N390DN,8.0,41.0,2004.0,2231.0,2020.0,91984.0
0,1026.0,6.0,1.0,JFK,2020-02-01 14:10:00+00:00,1089.0,2020-02-01,0 days 02:32:00,DL,2.0,2020-02-01 11:38:00+00:00,MIA,1.0,N343DN,10.0,11.0,749.0,1000.0,2020.0,49692.0
1,1508.0,6.0,1.0,JFK,2020-02-01 18:53:00+00:00,1089.0,2020-02-01,0 days 02:39:00,DL,2.0,2020-02-01 16:14:00+00:00,MIA,1.0,N349DX,7.0,16.0,1230.0,1446.0,2020.0,48638.0
104,1434.0,6.0,29.0,FLL,2020-02-29 18:22:00+00:00,1069.0,2020-02-29,0 days 02:59:00,DL,2.0,2020-02-29 15:23:00+00:00,JFK,1.0,N360DN,8.0,21.0,1144.0,1414.0,2020.0,90960.0
105,2125.0,6.0,29.0,FLL,2020-03-01 01:01:00+00:00,1069.0,2020-02-29,0 days 02:48:00,DL,2.0,2020-02-29 22:13:00+00:00,JFK,1.0,N322DN,7.0,18.0,1831.0,2054.0,2020.0,92086.0
0,1023.0,6.0,1.0,JFK,2020-02-01 14:01:00+00:00,1069.0,2020-02-01,0 days 02:30:00,DL,2.0,2020-02-01 11:31:00+00:00,FLL,1.0,N364DX,8.0,13.0,744.0,953.0,2020.0,49669.0
3,2325.0,6.0,1.0,JFK,2020-02-02 03:01:00+00:00,1069.0,2020-02-01,0 days 02:31:00,DL,2.0,2020-02-02 00:30:00+00:00,FLL,1.0,N337DN,10.0,16.0,2046.0,2251.0,2020.0,49335.0
179,1511.0,6.0,29.0,SFO,2020-02-29 21:59:00+00:00,2586.0,2020-02-29,0 days 06:38:00,DL,2.0,2020-02-29 15:21:00+00:00,JFK,1.0,N711ZX,15.0,17.0,1138.0,1444.0,2020.0,90222.0
180,1945.0,6.0,29.0,SFO,2020-03-01 02:42:00+00:00,2586.0,2020-02-29,0 days 06:22:00,DL,2.0,2020-02-29 20:20:00+00:00,JFK,1.0,N712TW,6.0,16.0,1636.0,1936.0,2020.0,90310.0
181,2323.0,6.0,29.0,SFO,2020-03-01 05:34:00+00:00,2586.0,2020-02-29,0 days 06:15:00,DL,2.0,2020-02-29 23:19:00+00:00,JFK,1.0,N727TW,6.0,21.0,1940.0,2228.0,2020.0,90470.0
0,1438.0,6.0,1.0,JFK,2020-02-01 18:33:00+00:00,2586.0,2020-02-01,0 days 05:29:00,DL,2.0,2020-02-01 13:04:00+00:00,SFO,1.0,N711ZX,11.0,15.0,619.0,1422.0,2020.0,48272.0
1,1647.0,6.0,1.0,JFK,2020-02-01 21:02:00+00:00,2586.0,2020-02-01,0 days 05:36:00,DL,2.0,2020-02-01 15:26:00+00:00,SFO,1.0,N624AG,8.0,22.0,848.0,1654.0,2020.0,49057.0
25,2015.0,3.0,5.0,JFK,2020-02-06 00:53:00+00:00,2586.0,2020-02-05,0 days 05:22:00,DL,2.0,2020-02-05 19:31:00+00:00,SFO,1.0,N717TW,11.0,20.0,1251.0,2042.0,2020.0,73531.0
30,1430.0,6.0,29.0,PBI,2020-02-29 18:23:00+00:00,1028.0,2020-02-29,0 days 03:02:00,DL,2.0,2020-02-29 15:21:00+00:00,JFK,1.0,N111NG,5.0,29.0,1150.0,1418.0,2020.0,90238.0
0,1601.0,6.0,1.0,JFK,2020-02-01 19:42:00+00:00,1028.0,2020-02-01,0 days 02:27:00,DL,2.0,2020-02-01 17:15:00+00:00,PBI,1.0,N330NW,7.0,12.0,1327.0,1535.0,2020.0,48056.0
170,1015.0,6.0,29.0,MSP,2020-02-29 14:47:00+00:00,1020.0,2020-02-29,0 days 02:48:00,DL,2.0,2020-02-29 11:59:00+00:00,LGA,1.0,N336DX,6.0,15.0,814.0,941.0,2020.0,91528.0
171,1348.0,6.0,29.0,MSP,2020-02-29 18:21:00+00:00,1020.0,2020-02-29,0 days 02:52:00,DL,2.0,2020-02-29 15:29:00+00:00,LGA,1.0,N394DX,5.0,20.0,1149.0,1316.0,2020.0,91012.0
172,1656.0,6.0,29.0,MSP,2020-02-29 21:21:00+00:00,1020.0,2020-02-29,0 days 02:43:00,DL,2.0,2020-02-29 18:38:00+00:00,LGA,1.0,N302NB,6.0,11.0,1449.0,1615.0,2020.0,90458.0
0,1045.0,6.0,1.0,LGA,2020-02-01 14:27:00+00:00,1020.0,2020-02-01,0 days 02:32:00,DL,2.0,2020-02-01 11:55:00+00:00,MSP,1.0,N374DX,7.0,15.0,710.0,1020.0,2020.0,49168.0
4,1342.0,7.0,2.0,LGA,2020-02-02 17:27:00+00:00,1020.0,2020-02-02,0 days 02:15:00,DL,2.0,2020-02-02 15:12:00+00:00,MSP,1.0,N336DX,9.0,12.0,1024.0,1318.0,2020.0,51056.0
137,1345.0,1.0,24.0,LGA,2020-02-24 17:37:00+00:00,1020.0,2020-02-24,0 days 02:33:00,DL,2.0,2020-02-24 15:04:00+00:00,MSP,1.0,N385DZ,7.0,15.0,1019.0,1330.0,2020.0,69825.0
182,1433.0,6.0,29.0,DTW,2020-02-29 18:02:00+00:00,502.0,2020-02-29,0 days 01:35:00,DL,2.0,2020-02-29 16:27:00+00:00,LGA,1.0,N345NW,6.0,12.0,1239.0,1356.0,2020.0,90471.0
183,1910.0,6.0,29.0,DTW,2020-02-29 23:42:00+00:00,502.0,2020-02-29,0 days 01:39:00,DL,2.0,2020-02-29 22:03:00+00:00,LGA,1.0,N993AT,8.0,13.0,1816.0,1934.0,2020.0,92022.0
4,1022.0,7.0,2.0,LGA,2020-02-02 14:06:00+00:00,502.0,2020-02-02,0 days 01:33:00,DL,2.0,2020-02-02 12:33:00+00:00,DTW,1.0,N375NC,5.0,16.0,849.0,1001.0,2020.0,50721.0
10,1033.0,1.0,3.0,LGA,2020-02-03 13:57:00+00:00,502.0,2020-02-03,0 days 01:28:00,DL,2.0,2020-02-03 12:29:00+00:00,DTW,1.0,N338NB,7.0,10.0,839.0,950.0,2020.0,53034.0
133,1627.0,6.0,29.0,MIA,2020-02-29 19:59:00+00:00,1096.0,2020-02-29,0 days 02:53:00,DL,2.0,2020-02-29 17:06:00+00:00,LGA,1.0,N309US,8.0,15.0,1321.0,1551.0,2020.0,91220.0
134,1930.0,6.0,29.0,MIA,2020-02-29 23:05:00+00:00,1096.0,2020-02-29,0 days 02:56:00,DL,2.0,2020-02-29 20:09:00+00:00,LGA,1.0,N385DZ,11.0,16.0,1625.0,1854.0,2020.0,90958.0
0,959.0,6.0,1.0,LGA,2020-02-01 13:31:00+00:00,1096.0,2020-02-01,0 days 02:42:00,DL,2.0,2020-02-01 10:49:00+00:00,MIA,1.0,N348DN,3.0,22.0,711.0,928.0,2020.0,49296.0
4,2245.0,6.0,1.0,LGA,2020-02-02 02:24:00+00:00,1096.0,2020-02-01,0 days 02:32:00,DL,2.0,2020-02-01 23:52:00+00:00,MIA,1.0,N382DN,6.0,15.0,2007.0,2218.0,2020.0,49155.0
131,1420.0,6.0,29.0,FLL,2020-02-29 17:56:00+00:00,1076.0,2020-02-29,0 days 02:53:00,DL,2.0,2020-02-29 15:03:00+00:00,LGA,1.0,N390DN,7.0,17.0,1120.0,1349.0,2020.0,90611.0
132,1928.0,6.0,29.0,FLL,2020-02-29 22:49:00+00:00,1076.0,2020-02-29,0 days 02:39:00,DL,2.0,2020-02-29 20:10:00+00:00,LGA,1.0,N358NW,5.0,13.0,1623.0,1844.0,2020.0,91850.0
0,953.0,6.0,1.0,LGA,2020-02-01 13:27:00+00:00,1076.0,2020-02-01,0 days 02:33:00,DL,2.0,2020-02-01 10:54:00+00:00,FLL,1.0,N363NW,5.0,12.0,706.0,922.0,2020.0,49595.0
3,2247.0,6.0,1.0,LGA,2020-02-02 02:24:00+00:00,1076.0,2020-02-01,0 days 02:34:00,DL,2.0,2020-02-01 23:50:00+00:00,FLL,1.0,N393DN,12.0,11.0,2001.0,2212.0,2020.0,49582.0
109,1511.0,6.0,29.0,PBI,2020-02-29 18:48:00+00:00,1035.0,2020-02-29,0 days 02:43:00,DL,2.0,2020-02-29 16:05:00+00:00,LGA,1.0,N377DN,6.0,17.0,1222.0,1442.0,2020.0,90525.0
110,1907.0,6.0,29.0,PBI,2020-02-29 22:34:00+00:00,1035.0,2020-02-29,0 days 02:34:00,DL,2.0,2020-02-29 20:00:00+00:00,LGA,1.0,N301DV,4.0,9.0,1609.0,1830.0,2020.0,92047.0
0,1031.0,6.0,1.0,LGA,2020-02-01 14:22:00+00:00,1035.0,2020-02-01,0 days 02:41:00,DL,2.0,2020-02-01 11:41:00+00:00,PBI,1.0,N330DX,7.0,10.0,751.0,1015.0,2020.0,49473.0
54,2249.0,5.0,14.0,LGA,2020-02-15 02:27:00+00:00,1035.0,2020-02-14,0 days 02:29:00,DL,2.0,2020-02-14 23:58:00+00:00,PBI,1.0,N307DX,6.0,14.0,2012.0,2221.0,2020.0,113178.0
150,1309.0,6.0,29.0,SEA,2020-02-29 20:05:00+00:00,1399.0,2020-02-29,0 days 03:45:00,DL,2.0,2020-02-29 16:20:00+00:00,MSP,1.0,N899DN,13.0,11.0,1131.0,1252.0,2020.0,91147.0
151,1620.0,6.0,29.0,SEA,2020-02-29 23:06:00+00:00,1399.0,2020-02-29,0 days 03:34:00,DL,2.0,2020-02-29 19:32:00+00:00,MSP,1.0,N838DN,9.0,11.0,1443.0,1557.0,2020.0,90891.0
152,1952.0,6.0,29.0,SEA,2020-03-01 02:47:00+00:00,1399.0,2020-02-29,0 days 03:45:00,DL,2.0,2020-02-29 23:02:00+00:00,MSP,1.0,N680DA,11.0,12.0,1814.0,1936.0,2020.0,92176.0
0,534.0,6.0,1.0,MSP,2020-02-01 10:21:00+00:00,1399.0,2020-02-01,0 days 01:55:00,DL,2.0,2020-02-01 08:26:00+00:00,SEA,1.0,N811DZ,4.0,13.0,39.0,517.0,2020.0,49524.0
1,1214.0,6.0,1.0,MSP,2020-02-01 17:04:00+00:00,1399.0,2020-02-01,0 days 03:10:00,DL,2.0,2020-02-01 13:54:00+00:00,SEA,1.0,N540US,5.0,18.0,712.0,1159.0,2020.0,48667.0
10,1317.0,1.0,3.0,MSP,2020-02-03 17:58:00+00:00,1399.0,2020-02-03,0 days 03:10:00,DL,2.0,2020-02-03 14:48:00+00:00,SEA,1.0,N545US,4.0,20.0,808.0,1254.0,2020.0,53978.0
206,2329.0,6.0,29.0,DTW,2020-03-01 03:21:00+00:00,528.0,2020-02-29,0 days 01:19:00,DL,2.0,2020-03-01 02:02:00+00:00,MSP,1.0,N324DX,6.0,9.0,2111.0,2315.0,2020.0,92175.0
0,936.0,6.0,1.0,MSP,2020-02-01 14:28:00+00:00,528.0,2020-02-01,0 days 01:58:00,DL,2.0,2020-02-01 12:30:00+00:00,DTW,1.0,N910DU,9.0,27.0,857.0,919.0,2020.0,48232.0
10,939.0,1.0,3.0,MSP,2020-02-03 14:30:00+00:00,528.0,2020-02-03,0 days 02:06:00,DL,2.0,2020-02-03 12:24:00+00:00,DTW,1.0,N861DN,5.0,36.0,900.0,925.0,2020.0,52413.0
43,1045.0,5.0,7.0,MSP,2020-02-07 15:16:00+00:00,528.0,2020-02-07,0 days 01:42:00,DL,2.0,2020-02-07 13:34:00+00:00,DTW,1.0,N848DN,4.0,19.0,953.0,1012.0,2020.0,93154.0
158,939.0,7.0,23.0,MSP,2020-02-23 14:06:00+00:00,528.0,2020-02-23,0 days 01:45:00,DL,2.0,2020-02-23 12:21:00+00:00,DTW,1.0,N829DN,6.0,15.0,836.0,900.0,2020.0,66082.0
167,1045.0,1.0,24.0,MSP,2020-02-24 15:14:00+00:00,528.0,2020-02-24,0 days 01:40:00,DL,2.0,2020-02-24 13:34:00+00:00,DTW,1.0,N901DN,4.0,14.0,948.0,1010.0,2020.0,69624.0
77,1751.0,6.0,29.0,MIA,2020-02-29 21:37:00+00:00,1501.0,2020-02-29,0 days 03:35:00,DL,2.0,2020-02-29 18:02:00+00:00,MSP,1.0,N325NB,12.0,17.0,1319.0,1725.0,2020.0,91874.0
78,2227.0,6.0,29.0,MIA,2020-03-01 01:59:00+00:00,1501.0,2020-02-29,0 days 03:15:00,DL,2.0,2020-02-29 22:44:00+00:00,MSP,1.0,N301NB,7.0,16.0,1800.0,2152.0,2020.0,92110.0
0,1037.0,6.0,1.0,MSP,2020-02-01 15:22:00+00:00,1501.0,2020-02-01,0 days 03:42:00,DL,2.0,2020-02-01 11:40:00+00:00,MIA,1.0,N326NB,3.0,15.0,755.0,1019.0,2020.0,48283.0
9,1705.0,2.0,4.0,MSP,2020-02-04 21:43:00+00:00,1501.0,2020-02-04,0 days 03:35:00,DL,2.0,2020-02-04 18:08:00+00:00,MIA,1.0,N368NB,3.0,14.0,1422.0,1640.0,2020.0,72029.0
122,1134.0,6.0,29.0,SFO,2020-02-29 18:22:00+00:00,1589.0,2020-02-29,0 days 04:16:00,DL,2.0,2020-02-29 14:06:00+00:00,MSP,1.0,N892DN,7.0,27.0,933.0,1115.0,2020.0,90810.0
123,1406.0,6.0,29.0,SFO,2020-02-29 20:57:00+00:00,1589.0,2020-02-29,0 days 03:55:00,DL,2.0,2020-02-29 17:02:00+00:00,MSP,1.0,N910DU,6.0,9.0,1211.0,1351.0,2020.0,90631.0
124,2030.0,6.0,29.0,SFO,2020-03-01 03:19:00+00:00,1589.0,2020-02-29,0 days 04:18:00,DL,2.0,2020-02-29 23:01:00+00:00,MSP,1.0,N887DN,8.0,16.0,1817.0,2011.0,2020.0,91020.0
0,1140.0,6.0,1.0,MSP,2020-02-01 16:26:00+00:00,1589.0,2020-02-01,0 days 03:33:00,DL,2.0,2020-02-01 12:53:00+00:00,SFO,1.0,N908DN,5.0,18.0,611.0,1121.0,2020.0,49049.0
1,1436.0,6.0,1.0,MSP,2020-02-01 19:13:00+00:00,1589.0,2020-02-01,0 days 03:25:00,DL,2.0,2020-02-01 15:48:00+00:00,SFO,1.0,N810DN,3.0,16.0,904.0,1410.0,2020.0,48219.0
8,1631.0,1.0,3.0,MSP,2020-02-03 20:51:00+00:00,1589.0,2020-02-03,0 days 03:13:00,DL,2.0,2020-02-03 17:38:00+00:00,SFO,1.0,N818DA,4.0,12.0,1050.0,1547.0,2020.0,53648.0
70,1955.0,6.0,29.0,SNA,2020-03-01 02:39:00+00:00,1522.0,2020-02-29,0 days 03:54:00,DL,2.0,2020-02-29 22:45:00+00:00,MSP,1.0,N302NB,5.0,13.0,1758.0,1934.0,2020.0,91249.0
0,1220.0,6.0,1.0,MSP,2020-02-01 17:22:00+00:00,1522.0,2020-02-01,0 days 03:42:00,DL,2.0,2020-02-01 13:40:00+00:00,SNA,1.0,N327NB,3.0,21.0,701.0,1219.0,2020.0,48267.0
1,1406.0,6.0,1.0,MSP,2020-02-01 19:12:00+00:00,1522.0,2020-02-01,0 days 03:42:00,DL,2.0,2020-02-01 15:30:00+00:00,SNA,1.0,N317NB,4.0,13.0,843.0,1408.0,2020.0,49079.0
107,1658.0,6.0,29.0,DTW,2020-02-29 20:57:00+00:00,1927.0,2020-02-29,0 days 04:08:00,DL,2.0,2020-02-29 16:49:00+00:00,SEA,1.0,N836DN,7.0,32.0,1021.0,1650.0,2020.0,90877.0
108,1932.0,6.0,29.0,DTW,2020-02-29 23:13:00+00:00,1927.0,2020-02-29,0 days 03:55:00,DL,2.0,2020-02-29 19:18:00+00:00,SEA,1.0,N585NW,10.0,14.0,1232.0,1903.0,2020.0,91557.0
0,1040.0,6.0,1.0,SEA,2020-02-01 17:58:00+00:00,1927.0,2020-02-01,0 days 05:33:00,DL,2.0,2020-02-01 12:25:00+00:00,DTW,1.0,N596NW,10.0,30.0,855.0,1048.0,2020.0,48116.0
1,1438.0,6.0,1.0,SEA,2020-02-01 22:01:00+00:00,1927.0,2020-02-01,0 days 05:27:00,DL,2.0,2020-02-01 16:34:00+00:00,DTW,1.0,N928DU,8.0,35.0,1309.0,1453.0,2020.0,49458.0
155,1143.0,6.0,29.0,SFO,2020-02-29 19:17:00+00:00,679.0,2020-02-29,0 days 02:15:00,DL,2.0,2020-02-29 17:02:00+00:00,SEA,1.0,N120DU,4.0,29.0,1031.0,1213.0,2020.0,91765.0
156,1559.0,6.0,29.0,SFO,2020-02-29 22:45:00+00:00,679.0,2020-02-29,0 days 02:00:00,DL,2.0,2020-02-29 20:45:00+00:00,SEA,1.0,N122DU,8.0,13.0,1358.0,1537.0,2020.0,91428.0
157,1944.0,6.0,29.0,SFO,2020-03-01 02:27:00+00:00,679.0,2020-02-29,0 days 02:06:00,DL,2.0,2020-03-01 00:21:00+00:00,SEA,1.0,N127DU,6.0,17.0,1738.0,1921.0,2020.0,91290.0
0,837.0,6.0,1.0,SEA,2020-02-01 15:07:00+00:00,679.0,2020-02-01,0 days 01:53:00,DL,2.0,2020-02-01 13:14:00+00:00,SFO,1.0,N122DU,5.0,13.0,627.0,802.0,2020.0,49677.0
1,1256.0,6.0,1.0,SEA,2020-02-01 19:36:00+00:00,679.0,2020-02-01,0 days 02:07:00,DL,2.0,2020-02-01 17:29:00+00:00,SFO,1.0,N124DU,11.0,19.0,1048.0,1225.0,2020.0,49540.0
34,1258.0,5.0,7.0,SEA,2020-02-08 00:10:00+00:00,679.0,2020-02-07,0 days 01:55:00,DL,2.0,2020-02-07 22:15:00+00:00,SFO,1.0,N108DQ,7.0,10.0,1525.0,1703.0,2020.0,94132.0
95,1045.0,6.0,29.0,SNA,2020-02-29 17:21:00+00:00,978.0,2020-02-29,0 days 02:40:00,DL,2.0,2020-02-29 14:41:00+00:00,SEA,1.0,N622CZ,8.0,14.0,755.0,1013.0,2020.0,126568.0
96,1816.0,6.0,29.0,SNA,2020-03-01 00:49:00+00:00,978.0,2020-02-29,0 days 02:33:00,DL,2.0,2020-02-29 22:16:00+00:00,SEA,1.0,N630CZ,5.0,12.0,1528.0,1744.0,2020.0,126561.0
0,1017.0,6.0,1.0,SEA,2020-02-01 17:15:00+00:00,978.0,2020-02-01,0 days 02:58:00,DL,2.0,2020-02-01 14:17:00+00:00,SNA,1.0,N610CZ,22.0,10.0,727.0,953.0,2020.0,123456.0
9,1805.0,2.0,4.0,SEA,2020-02-05 02:11:00+00:00,978.0,2020-02-04,0 days 03:27:00,DL,2.0,2020-02-04 22:44:00+00:00,SNA,1.0,N609CZ,7.0,28.0,1612.0,1904.0,2020.0,123747.0
59,1524.0,6.0,29.0,MIA,2020-02-29 20:08:00+00:00,1145.0,2020-02-29,0 days 02:57:00,DL,2.0,2020-02-29 17:11:00+00:00,DTW,1.0,N323US,7.0,25.0,1336.0,1601.0,2020.0,91843.0
0,1112.0,6.0,1.0,DTW,2020-02-01 14:55:00+00:00,1145.0,2020-02-01,0 days 02:44:00,DL,2.0,2020-02-01 12:11:00+00:00,MIA,1.0,N591NW,7.0,12.0,823.0,1048.0,2020.0,48851.0
1,1510.0,6.0,1.0,DTW,2020-02-01 19:08:00+00:00,1145.0,2020-02-01,0 days 02:45:00,DL,2.0,2020-02-01 16:23:00+00:00,MIA,1.0,N344NW,4.0,17.0,1240.0,1504.0,2020.0,49037.0
161,2112.0,6.0,29.0,FLL,2020-03-01 01:06:00+00:00,1127.0,2020-02-29,0 days 03:00:00,DL,2.0,2020-02-29 22:06:00+00:00,DTW,1.0,N873DN,15.0,22.0,1828.0,2051.0,2020.0,91607.0
162,2334.0,6.0,29.0,FLL,2020-03-01 03:31:00+00:00,1127.0,2020-02-29,0 days 02:54:00,DL,2.0,2020-03-01 00:37:00+00:00,DTW,1.0,N6700,6.0,25.0,2102.0,2325.0,2020.0,91833.0
0,902.0,6.0,1.0,DTW,2020-02-01 12:53:00+00:00,1127.0,2020-02-01,0 days 02:53:00,DL,2.0,2020-02-01 10:00:00+00:00,FLL,1.0,N807DN,5.0,27.0,627.0,848.0,2020.0,49150.0
1,1116.0,6.0,1.0,DTW,2020-02-01 15:05:00+00:00,1127.0,2020-02-01,0 days 02:52:00,DL,2.0,2020-02-01 12:13:00+00:00,FLL,1.0,N6708D,8.0,12.0,825.0,1057.0,2020.0,48168.0
95,1051.0,6.0,29.0,SFO,2020-02-29 17:25:00+00:00,2079.0,2020-02-29,0 days 05:08:00,DL,2.0,2020-02-29 12:17:00+00:00,DTW,1.0,N928DU,6.0,17.0,834.0,1019.0,2020.0,90370.0
96,1810.0,6.0,29.0,SFO,2020-03-01 01:05:00+00:00,2079.0,2020-02-29,0 days 05:13:00,DL,2.0,2020-02-29 19:52:00+00:00,DTW,1.0,N863DN,11.0,19.0,1611.0,1754.0,2020.0,91216.0
0,1439.0,6.0,1.0,DTW,2020-02-01 18:36:00+00:00,2079.0,2020-02-01,0 days 04:35:00,DL,2.0,2020-02-01 14:01:00+00:00,SFO,1.0,N831DN,10.0,16.0,717.0,1426.0,2020.0,48262.0
7,2150.0,1.0,3.0,DTW,2020-02-04 01:21:00+00:00,2079.0,2020-02-03,0 days 04:07:00,DL,2.0,2020-02-03 21:14:00+00:00,SFO,1.0,N814DN,5.0,20.0,1434.0,2116.0,2020.0,54127.0
